future_break_up,future_break_down,pullback_pips,pullback_pct_of_range
1,0,6666699.999999982,45.71524572964591
1,0,6195200.000000041,159.65364395423524
1,0,6798800.000000047,175.2087413668735
1,0,6798800.000000047,175.2087413668735
1,0,6880399.999999936,128.2030260117766
1,1,9160699.999999924,174.02876194456456
1,1,9160699.999999924,263.24607028937
1,1,31416699.99999998,342.95086620018384
1,1,36299899.99999991,272.71013011990163
1,0,22673499.999999914,133.99938536458484
1,0,23503799.9999999,74.81307712140331
1,0,25465099.999999948,70.15198388976282
1,0,25465099.999999948,70.15198388976282
1,0,14623800.000000047,62.21887524570542
1,0,11323400.00000011,44.46634806067965
1,0,8323399.999999965,32.685518611746986
1,0,7940000.0,54.29505326932791
1,1,26212900.000000082,209.64785296681714
1,0,8426300.000000047,88.31303582283576
1,0,29127599.999999948,301.1195997146728
1,0,58093399.99999996,600.5665195232149
1,0,55269599.99999992,655.9177812325648
1,0,33507500.0,115.03694090827963
1,0,15040599.999999978,90.35509819116774
1,0,26205499.999999885,172.26973619337392
1,0,26205499.999999885,172.26973619337392
1,1,36757599.99999995,247.78789696851055
1,1,20527299.99999996,324.68602701591095
1,0,42005299.999999985,356.5239901883389
1,0,33407100.000000063,283.5459475975861
1,0,25067299.99999996,122.11688824151257
1,0,2497800.000000134,64.61442946944106
1,0,2533000.000000029,158.64963046475035
1,0,2965199.999999895,185.7196542653201
1,1,5166900.000000023,206.85803507085217
1,1,22628899.999999993,205.33460369311675
1,0,18613399.999999966,137.12336638623265
1,0,7068000.000000029,46.83089726090967
1,0,11962200.000000011,94.39197026726379
1,0,17522899.999999937,138.27064050059593
1,0,18920599.999999978,157.2327253085147
1,0,18920599.999999978,104.85580013743936
1,0,18920599.999999978,105.74657396436433
1,0,38901900.00000002,286.95065279929264
1,1,40979100.00000004,419.41661122767425
1,1,49650000.0,359.1579861111126
1,0,7584100.000000035,55.499370664169525
1,0,7556999.999999971,69.32836710916193
1,0,11316399.999999994,129.24018684117345
1,0,23738000.00000003,271.1024314477909
1,0,21703800.000000045,191.5283403489265
1,1,37161500.00000009,328.38623590541255
1,1,47541300.000000045,178.36058316388238
1,0,28382400.000000052,127.1242693660006
1,0,16227799.999999989,56.79298373323623
1,0,13593600.000000006,57.769637112367946
1,0,16494199.999999983,58.11418343762315
1,0,24008500.00000006,147.94673338345356
1,0,24008500.00000006,176.6162017419966
1,0,4411199.999999953,30.838494987485905
1,0,3920200.000000041,60.642905760782554
1,1,10197299.999999959,196.15473396683623
1,1,10197299.999999959,196.15473396683623
1,0,2607099.9999999185,33.53700892742226
1,0,4043099.9999999767,73.81287083523462
1,1,5249400.000000023,152.85210960021342
1,1,5249400.000000023,168.77471626531343
1,0,9731999.99999997,185.3926162990042
1,0,9731999.99999997,185.3926162990042
1,1,13522799.999999989,257.60658360955404
1,0,13440700.00000007,119.45696129405093
1,0,15984400.000000022,224.1474085707893
1,0,15984400.000000022,195.39159240651986
1,0,9989299.99999993,62.49405670528713
1,0,12585699.999999924,78.73739395910955
1,0,11889299.99999993,74.38064612997618
1,0,11702999.999999885,65.1378955277874
1,0,11702999.999999885,92.98648466116272
1,1,13639499.99999997,167.02792064658482
1,0,8990099.999999948,80.26015069813936
1,1,10522500.0,179.1338247561318
1,1,10522500.0,210.31119461155563
1,0,8150000.0,101.91066873405678
1,0,7898899.999999994,75.0667617011166
1,0,5172600.000000093,49.1575196008562
1,0,5172600.000000093,44.766973906271204
1,1,8612100.000000063,305.37195943549887
1,1,15621000.000000058,323.32243242124594
1,0,11503399.999999965,133.57253167055515
1,0,9655699.999999924,112.11783421000514
1,1,23172300.000000104,239.98570792382
1,0,22900800.00000002,156.17127776376017
1,0,17888800.000000045,139.85567864653692
1,0,10266499.999999942,44.305053878984374
1,0,10266499.999999942,44.305053878984374
1,0,2593800.0000000466,94.70916858363788
1,0,3277600.000000093,85.17007509810051
1,0,3842699.999999895,136.80931358586696
1,0,3229499.999999971,116.18578212692101
1,0,3229499.999999971,154.95154015929364
1,0,2367500.0,73.30856169685775
1,0,2081399.9999999942,64.44960520204405
1,0,1457700.0000000407,75.23612903226017
1,0,2153500.000000058,90.96092925026646
1,0,2193000.000000029,92.62935586061369
1,1,4739900.000000052,227.72653022004735
1,1,8244400.000000023,173.9361589906946
1,0,23964100.000000034,489.093209788354
1,0,22549700.00000001,523.717397867952
1,0,17297600.000000093,209.8102954732915
1,0,24906699.99999998,98.72602375922088
1,0,10389599.999999918,144.43440423727486
1,0,10656799.99999993,171.88109869195284
1,0,8012399.999999907,120.6959403479677
1,0,12834700.000000011,97.1589704769115
1,0,15052400.000000052,141.24690338563312
1,0,15052400.000000052,124.77328868184298
1,0,14329799.999999959,91.03545540598054
1,0,4908699.999999953,59.12386779726354
1,0,5257799.999999989,63.08401123029348
1,0,5248699.999999953,103.78462816127174
1,0,5887599.999999948,116.4178514226958
1,1,13447500.0,255.76286659819752
1,1,16898699.999999955,244.31737678372633
1,1,16898699.999999955,287.0218764861761
1,0,7828800.000000047,40.99427667785532
1,0,7828800.000000047,40.99427667785532
1,0,6400899.999999965,147.1133072856836
1,0,6400899.999999965,142.85172290662246
1,0,4839300.000000075,124.40679708989974
1,0,7123099.999999977,103.34716499332485
1,0,5734199.999999982,89.58427721101742
1,0,6615000.0,103.34484213157582
1,0,6615000.0,81.27034830149302
1,0,6615000.0,92.27228344259896
1,0,10233800.000000047,120.86404006046902
1,0,11476000.000000058,173.48450491307722
1,0,9229300.000000076,139.52078609221581
1,0,14375399.999999937,140.3422791928222
1,0,23339599.999999918,157.0378942835601
1,1,23339599.999999918,203.37748344370686
1,0,17030699.999999925,118.47113819441546
1,1,10385699.999999924,139.69976998506678
1,0,3644199.9999999823,49.68234492160848
1,0,5765900.000000111,96.63141664851244
1,0,5979499.999999971,142.14229681222804
1,0,14770499.999999885,225.81409570402204
1,0,10179099.99999989,173.90063894488156
1,0,7085399.999999936,106.8172224567307
1,0,6599799.999999959,44.68230594766603
1,0,5283600.000000006,35.771300903828894
1,0,5283600.000000006,51.906357143559475
1,1,6316599.999999889,128.2870953328733
1,0,22549000.000000086,398.18820745555
1,0,22549000.000000086,398.18820745555
1,0,17428100.000000123,275.9095082797776
1,0,16628499.999999912,69.91494246107627
1,0,16628499.999999912,73.7438467337791
1,0,16628499.999999912,73.7438467337791
1,0,27267899.999999937,163.98292088883593
1,0,27267899.999999937,163.98292088883593
1,0,27267899.999999937,163.98292088883593
1,1,28780899.999999966,325.0793471508471
1,1,31309100.000000034,353.6352854803224
1,1,20966799.99999993,140.33720875752124
1,1,20966799.99999993,175.56164016512272
1,0,10595999.999999912,69.29974297094165
1,0,8063199.999999925,38.456989144742884
1,0,9935899.999999965,47.388728847511295
1,0,7043600.000000006,33.59406299483006
1,0,7316900.000000023,68.5449571880921
1,0,21109500.000000115,103.72810896868967
1,0,21109500.000000115,120.46669824403298
1,0,21109500.000000115,124.53394530051733
1,0,2862899.9999999357,61.704420544430214
1,0,3403499.9999999125,102.0019780022157
1,0,2302599.999999948,98.98546986501565
1,0,2562299.999999959,89.50015718327627
1,0,2562299.999999959,65.98084153061704
1,0,3959900.000000052,117.33732369325887
1,0,2360599.9999999767,90.71903462588105
1,0,2431199.9999999534,78.405572755416
1,0,3920399.9999999357,99.00250006312999
1,0,4913500.000000058,202.10184271142447
1,0,5082100.000000064,209.03668970056603
1,0,5500599.999999977,140.30711151923444
1,1,8092100.000000064,151.78759003601695
1,1,15431799.99999993,280.5475766280041
1,1,22166100.000000007,273.9227147464791
1,0,16943099.999999978,171.31893465995316
1,0,10405900.00000011,67.43153747456653
1,1,21629300.000000075,119.37358573872811
1,1,21629300.000000075,122.10354580301393
1,0,13275099.999999948,88.16329512399153
1,0,11197600.000000093,114.48786373024271
1,0,12378200.00000007,126.55869783039996
1,0,7469700.000000011,75.74685135984764
1,0,7089400.000000023,63.31178109594882
1,0,15495599.999999978,101.5226164893332
1,0,18704900.000000052,151.1116317396709
1,1,22427799.99999999,300.2503447260259
1,0,14120000.0,91.12264126590787
1,0,31605800.00000002,168.97069751776235
1,0,24280200.00000004,108.25939236126617
1,0,22740899.999999966,86.03581278682178
1,0,23468500.00000006,256.8568864372632
1,0,32317400.000000052,397.6204830394809
1,0,27770000.0,383.53175151230687
1,0,15979299.99999993,68.08828855700146
1,0,8525100.000000093,80.70642141038248
1,0,6781200.000000099,100.2705939759573
1,0,5620800.000000018,85.15073473716056
1,0,5620800.000000018,90.93085708739157
1,0,4648699.999999953,238.0652429968688
1,0,4187500.0,214.44666359399358
1,0,4536299.999999901,152.57811711680452
1,0,4536299.999999901,97.58211973239716
1,1,6381899.999999878,137.28354163529463
1,0,5158800.000000047,94.25392359271426
1,0,9049100.000000035,192.46442776017335
1,0,9834000.000000088,138.91203932592182
1,1,9834000.000000088,182.99218459248095
1,0,8884299.99999993,97.8792085316411
1,0,8884299.99999993,97.8792085316411
1,0,6316499.999999942,102.50064909775473
1,0,10603299.999999871,52.795550620652044
1,0,10479599.999999918,54.52331897359032
1,1,23294900.000000052,219.69481199249606
1,1,32645400.000000082,244.34996744036505
1,1,32645400.000000082,202.17625565120545
1,0,7633000.000000029,94.4608073657903
1,1,17320899.999999966,294.09297745177565
1,1,17320899.999999966,412.62834409318907
1,0,6106100.000000006,49.88888344199874
1,0,7084300.000000075,86.49938949939042
1,1,12260500.00000003,149.70085470085505
1,1,26634400.000000022,216.77423555551988
1,1,26634400.000000022,299.76814856499743
1,0,20079899.999999907,160.8167416828158
1,0,8667899.999999937,47.48311393778003
1,0,11452299.999999959,63.34411902984031
1,0,7660599.999999977,42.37174700627777
1,0,7660599.999999977,50.71095694540049
1,0,14925700.00000007,123.69843032603578
1,1,17851499.99999994,155.87698540904452
1,1,17851499.99999994,233.03004986554572
1,0,8394700.000000011,47.025179956866594
1,0,7334799.999999959,45.04077421890338
1,0,6922700.000000041,60.87013866296187
1,0,10952899.999999937,82.86101192277314
1,1,14695999.999999912,179.2938535490307
1,1,22319599.999999918,249.16385719707904
1,0,20324499.99999997,138.29953728905886
1,0,11565599.999999978,78.69896570495405
1,0,12589599.999999918,177.48329432994024
1,0,16197899.999999937,246.052771490635
1,0,16777400.000000052,231.5114048765679
1,0,16777400.000000052,127.99066240473616
1,0,16777400.000000052,103.57762425993566
1,0,15950400.000000082,66.377857401466
1,0,13790800.000000017,110.14927995782841
1,1,27227399.999999907,220.23473456875044
1,1,27227399.999999907,166.97165564863215
1,1,27227399.999999907,170.7004213060473
1,1,24291699.99999998,218.75939951189912
1,0,18496399.999999993,52.39773371104813
1,0,19794199.99999998,61.20958365287089
1,0,19794199.99999998,65.15171962069269
1,0,19794199.99999998,56.564230643935254
1,0,12284799.999999959,31.05060686789425
1,1,94558200.00000007,150.2015751133365
1,0,36393000.00000003,121.07551708191822
1,0,54240500.00000003,188.56816064301748
1,0,48905800.000000015,154.0320751864547
1,0,30510200.00000004,65.16794894249634
1,0,23635299.99999999,39.47631701577189
1,0,19939500.000000115,36.76127616817711
1,0,19939500.000000115,40.77123776729981
1,0,17578500.00000006,204.32988492386377
1,0,20035899.999999966,232.89433918400437
1,0,18929099.99999989,250.76305540099986
1,0,16464299.99999993,93.66157521972792
1,0,12916499.999999942,61.38058194294588
1,0,12916499.999999942,53.69971563035264
1,0,22455600.000000123,136.3896430458642
1,1,22455600.000000123,173.8520497038689
1,1,22455600.000000123,173.8520497038689
1,1,27449899.999999907,105.3209326595836
1,0,20313099.999999978,89.28324974836632
1,0,12165599.999999978,45.90116926188214
1,0,13533499.999999912,49.302547550264144
1,1,20548999.99999994,144.41125830141448
1,1,20548999.99999994,150.52668590767212
1,0,16015999.999999912,89.77528152869075
1,1,30136300.000000045,155.7858224733391
1,1,30136300.000000045,239.65057931944736
1,0,13672500.0,104.56579098313617
1,0,14290499.999999885,109.29218767924631
1,0,13388600.000000006,124.28037018815643
1,1,29997999.999999955,185.5473703092029
1,1,32142999.999999955,224.92564990728258
1,0,7470400.000000082,51.746972929539545
1,0,14311999.99999997,92.69790276824196
1,0,14311999.99999997,129.50043884651222
1,0,13917099.999999918,161.27166960229692
1,0,24934199.99999998,174.21883733929593
1,0,25601300.000000045,178.8799608719962
1,0,25601300.000000045,160.33079071631698
1,0,8830899.999999965,28.605347974669133
1,0,11530799.999999871,257.24037925264633
1,1,18178999.99999994,474.54839720162516
1,0,15020899.999999965,242.08515987622587
1,0,15020899.999999965,130.26763104034526
1,0,15020899.999999965,82.62775730238194
1,1,11921199.999999953,125.58678521764661
1,1,16368800.000000047,186.0767551837052
1,0,10412899.999999937,106.21831424112207
1,0,7612399.999999907,63.85598765224925
1,1,21303300.00000002,130.14576511411929
1,0,19373099.999999978,221.4549445022351
1,1,28214000.000000086,308.11737596784957
1,1,28214000.000000086,348.398409523102
1,0,8476399.999999994,51.411068991660315
1,0,12996199.999999953,90.84440095064939
1,0,12996199.999999953,108.93987275455326
1,0,9501499.999999942,93.48189689098643
1,0,13923899.999999994,133.1042262138061
1,0,13923899.999999994,105.27911566117423
1,0,6602100.000000064,49.46467772025463
1,0,6164000.000000088,69.5679653288794
1,0,8127799.999999989,99.3484983681899
1,0,12967200.000000011,84.05795222506765
1,0,9349300.000000076,66.38383379367714
1,0,8306299.999999901,53.58246408504692
1,0,8306299.999999901,53.58246408504692
1,0,10693000.00000003,82.46190388056034
1,0,8895000.0,72.90266531160897
1,0,10960800.000000017,131.9576706836997
1,0,10295800.000000017,75.76123268922315
1,1,19007400.000000052,177.75554100813616
1,1,19007400.000000052,173.41252463323866
1,0,7236200.000000099,43.41346644188665
1,0,6740800.000000018,42.650334075724054
1,0,6688999.999999942,92.43801995522306
1,0,5269900.000000052,78.17914787562364
1,0,4822799.999999989,96.11000398565088
1,0,8301799.99999993,114.77037077999242
1,0,8301799.99999993,124.1112273882494
1,0,6110299.999999989,107.2697587865574
1,1,7097100.000000064,176.47014943929423
1,1,9645200.000000041,254.22915733150728
1,0,10124200.000000129,47.211393184235284
1,1,19900499.999999955,219.74933745583027
1,0,18551900.000000022,196.10887949260066
1,0,9099300.000000004,61.72657771024279
1,0,7677799.999999989,38.58094017738251
1,0,24130299.99999999,113.1311094962377
1,0,23850599.999999978,128.56149504902433
1,0,22997900.000000007,252.74361764091742
1,0,17079200.000000056,74.26417194613443
1,0,23515700.00000007,151.39772346836355
1,0,34995100.00000009,379.7128968555369
1,0,33317399.999999907,176.8955905386383
1,0,25621999.99999997,99.54272971324407
1,0,22160399.999999937,60.70261460287861
1,0,22160399.999999937,52.57508896797138
1,0,12881100.000000006,92.59517511070253
1,0,10887299.999999959,84.24420629086573
1,0,9736199.999999953,104.05925355906074
1,1,23118999.99999994,179.48001335289635
1,1,26045399.999999937,202.19856999790332
1,0,23842999.999999955,96.29372352154837
1,0,22363699.999999955,112.20392046680338
1,0,24449899.99999998,122.45829138681464
1,0,15197799.999999989,55.0256159597386
1,0,20099600.000000063,73.03474488201614
1,0,20099600.000000063,69.33622182513146
1,0,13662300.000000104,55.87875615033238
1,1,43161500.00000009,294.2160872528977
1,1,48137600.00000009,337.30590279724373
1,1,48137600.00000009,358.75658635106873
1,0,14548300.000000017,33.7066598704864
1,1,26564099.99999989,123.5246522917809
1,1,26564099.99999989,140.411125441359
1,0,14230299.999999989,70.54551403444431
1,1,22689599.999999918,216.85765896644088
1,0,43965700.00000007,307.27839475541924
1,0,38128399.99999996,266.48122392211417
1,0,27756299.9999999,122.33049502855935
1,0,29094600.000000063,64.34168013817246
1,0,31791199.999999955,72.28131124581083
1,0,27593399.999999966,72.36967719600086
1,0,14482200.000000011,33.15628248158139
1,0,17095899.999999966,53.77557311457256
1,1,17440399.999999937,145.487003236678
1,1,17440399.999999937,120.09227061456318
1,1,23206799.99999993,181.0555880631943
1,1,10019700.000000011,154.37009875668116
1,1,11824300.000000076,187.80952683492657
1,0,11038300.000000017,136.86331399097307
1,0,13104199.999999983,162.47830184000293
1,0,13104199.999999983,110.82431941002764
1,1,19836599.99999989,272.1854032025695
1,0,21633099.999999978,118.88016969457225
1,0,20732500.0,113.93111103784115
1,0,15154600.000000063,76.39716483671673
1,0,15154600.000000063,63.88927534032359
1,0,19066000.00000006,88.13346214828239
1,0,20679299.99999993,84.0341837273749
1,0,16541799.99999993,109.15365631557323
1,0,12094900.000000052,51.329615671895226
1,0,12094900.000000052,58.48795655558986
1,0,12094900.000000052,58.48795655558986
1,0,21504199.99999998,177.79559979826115
1,0,21504199.99999998,177.79559979826115
1,0,14092500.0,116.51605222035684
1,0,16763200.00000007,77.95314403697921
1,0,14189100.000000035,65.98292426595756
1,0,15264300.000000076,70.98287776341408
1,0,25033899.999999993,119.27606941043018
1,1,25033899.999999993,149.33843180299638
1,1,25033899.999999993,164.0029349527975
1,1,20270899.999999966,251.48439923081565
1,1,20270899.999999966,228.70859283328602
1,1,22944299.99999993,209.31142695542775
1,0,14940999.999999912,73.70664351360787
1,0,10633699.999999953,52.45795697280323
1,0,11283300.000000017,105.33130449394153
1,0,13507600.000000093,135.47157700485488
1,0,18800899.999999966,154.85334936702571
1,0,18800899.999999966,154.85334936702571
1,0,15259199.999999983,188.07636843208005
1,0,8948400.00000011,47.59559382795571
1,0,13186900.000000022,70.139727353478
1,0,21700599.999999978,142.21322218727065
1,0,21402799.99999999,193.68348657062035
1,1,31629899.999999907,239.85849593156732
1,1,31629899.999999907,134.57871156325302
1,1,11827200.000000011,120.8806034218437
1,1,11827200.000000011,120.8806034218437
1,0,5997200.000000011,132.09400673993719
1,0,5609100.000000035,163.5210774881922
1,0,8219399.999999878,239.6186811264585
1,0,8818000.00000003,147.03528313212854
1,0,7378200.00000007,123.02741279263749
1,0,4579199.999999982,50.400079245407845
1,0,4579199.999999982,43.82303120783223
1,0,5975999.999999912,67.77046949421516
1,1,6743099.999999977,147.25497903563948
1,0,5942400.000000052,99.4377510040184
1,0,8971300.000000047,150.1221552878209
1,0,17858600.000000007,264.84257982233794
1,0,16353800.000000047,242.52643442926995
1,0,24106799.99999993,268.71022036939803
1,0,23110800.00000002,127.88251373679573
1,0,19923600.000000007,111.5630564545933
1,0,15463699.999999953,56.65915544563508
1,0,14506699.999999983,72.81164046658223
1,0,14506699.999999983,93.81131294580229
1,0,14506699.999999983,94.38567041432478
1,0,15815899.999999965,101.55518598663139
1,0,10959700.000000011,75.54922897695565
1,0,20616600.000000034,142.11778006024844
1,0,16515699.999999924,93.00375603245811
1,0,21394900.000000052,122.88010016541138
1,1,14287900.000000082,134.86657667947287
1,0,12549600.000000063,122.59419539499943
1,0,15016500.000000088,90.68099059765622
1,0,10665800.000000017,65.76154979684208
1,0,9082700.000000041,52.12094432521182
1,0,9576100.000000006,51.321339185705575
1,0,9565299.999999989,63.698598208636724
1,0,8227699.999999896,77.14095520260912
1,0,10215099.999999948,106.67286264763256
1,0,10215099.999999948,92.01052053215179
1,1,14005500.00000003,146.41987182838014
1,0,12830999.999999912,98.16612729233968
1,0,11316599.99999989,91.79740099612178
1,0,3938899.9999999944,32.05772001074305
1,0,2538000.000000029,86.80781201901505
1,0,5209799.999999959,178.19201696479746
1,1,8186900.000000023,333.1936022139844
1,1,8186900.000000023,322.5728920409744
1,0,13184599.999999918,97.23730013570074
1,0,13184599.999999918,114.75347056007617
1,0,38277099.99999992,273.0158843374845
1,0,35763600.00000001,254.92985857664152
1,0,34778699.999999955,263.7827465376285
1,0,19926800.000000075,52.05932528848872
1,0,17036199.999999955,43.08718755453479
1,1,11982299.999999959,139.68477868059114
1,1,11982299.999999959,174.6410925361815
1,0,10661300.000000047,125.90698663139412
1,1,13250000.0,110.57977183011647
1,1,18019199.99999998,150.38181317443264
1,0,8682599.999999948,61.8784609135027
1,0,7332900.000000082,39.574833236189846
1,0,8087600.000000093,44.35401607967501
1,0,6961100.000000006,41.95455641272913
1,0,11141699.999999983,108.28854396485524
1,0,10198699.999999953,126.10292299322217
1,0,14183000.00000003,137.76456760983285
1,0,5520700.00000007,66.05446409342264
1,0,6629100.000000035,75.5763048088109
1,0,4585800.000000018,72.35405490691065
1,0,4720199.999999896,85.50002717046455
1,0,10239599.999999918,154.4644069330658
1,0,10521199.999999953,155.03816568919316
1,0,8548600.000000006,181.1067327655649
1,0,4514900.000000052,44.092542677449195
1,0,7009000.000000088,99.1175721922122
1,0,5492900.000000082,86.6839206527072
1,1,19839099.999999963,299.1826393810973
1,1,23647300.000000034,423.58936696163533
1,0,18342299.99999996,106.32724279453718
1,0,11295899.999999965,56.937562691855916
1,0,6937599.999999948,29.337810236263493
1,0,6775299.999999989,25.142125575181833
1,0,7687799.999999989,41.91295530004419
1,0,10308899.999999994,80.36499423118929
1,1,14003800.000000047,192.58210022553465
1,0,19250199.999999896,105.78892992174431
1,0,19250199.999999896,124.14918384852017
1,0,17689799.99999996,136.01574694172604
1,0,20076699.99999998,109.8462009837442
1,0,20076699.99999998,119.90313005775133
1,0,18353499.999999914,105.24218288578003
1,0,10545000.0,57.45498133870951
1,0,15803199.999999924,197.22690229260851
1,0,11913799.999999901,155.03676231374774
1,0,7914799.999999959,75.05737316263593
1,0,11759199.999999983,113.5924112015927
1,1,17247700.00000004,240.6409576694515
1,0,12461399.999999994,101.53590430949538
1,0,8235700.00000007,61.52059102555525
1,1,9273899.999999994,154.6629532036968
1,0,7813699.999999953,107.97921589762592
1,0,6683699.999999953,93.28132196340599
1,0,8064100.000000035,86.9547870906527
1,0,8064100.000000035,86.9547870906527
1,0,8064100.000000035,103.20462776917572
1,0,2250200.000000041,159.95166334943985
1,1,2283999.999999942,193.87148798913393
1,0,3145900.000000111,253.3134712939892
1,0,3899800.000000105,173.30903919651738
1,0,5863300.000000018,256.7119089317061
1,0,5116800.000000075,131.19327213989084
1,0,5116800.000000075,131.2067285501805
1,0,2904100.000000035,49.00938301606546
1,0,11394900.000000052,198.91594658287906
1,0,11394900.000000052,208.48397248243745
1,0,9940700.00000007,196.58472917120068
1,0,18008600.000000007,158.04087793662012
1,0,20621600.000000034,180.9721893127622
1,0,20065399.999999937,201.85097628939403
1,0,6157899.999999936,32.420408657516035
1,0,13899300.000000076,67.40165651549857
1,0,13899300.000000076,69.2699871420461
1,0,12534900.000000052,203.5580311469849
1,0,11667899.999999937,83.94595411279613
1,0,11667899.999999937,83.94595411279613
1,0,9565800.000000017,76.31333317377863
1,1,11837900.000000082,142.74741043543483
1,0,20661199.999999955,142.23990747370152
1,0,43627300.000000104,333.8764358799755
1,0,37028300.000000015,280.8983394148144
1,0,27547200.00000001,113.36109693667629
1,0,13485200.000000041,159.98576343575908
1,1,20000000.0,315.1988904999034
1,1,20000000.0,331.7189676905655
1,0,6717099.999999918,68.9704387469057
1,0,9023000.00000003,142.03185996725924
1,1,18008600.000000007,224.69462362908135
1,1,20249000.000000086,252.64825882441087
1,1,20249000.000000086,224.41538291034044
1,0,8339000.000000088,46.30565396532814
1,0,14077799.999999989,69.52343325596291
1,0,14837899.999999937,73.27719887401784
1,0,14837899.999999937,71.7909638962265
1,0,10156100.000000006,106.29094714809007
1,0,15971100.000000006,185.44308206771524
1,0,13787799.999999989,161.6086079984989
1,0,10155999.999999912,96.43084343755534
1,0,10144700.000000011,54.400716426874716
1,0,6348099.999999977,39.74741877516248
1,0,7425599.999999977,53.856307750329876
1,1,6753800.000000047,184.37389096667002
1,0,11265399.999999937,252.80850968335366
1,0,9551399.999999994,214.34438185857547
1,0,8373399.999999965,123.98057389913689
1,1,10368800.000000047,187.58910156673932
1,0,17030899.999999966,272.87424094339065
1,0,17885099.999999948,349.2706075341204
1,0,20753499.999999914,200.15334464933088
1,0,16613999.999999942,91.43593045717887
1,0,27720000.0,149.08916844602024
1,0,18023899.999999993,66.24363709870096
1,0,14524399.999999877,69.9853036837157
1,0,9053000.00000003,32.658730158730265
1,0,9053000.00000003,50.22775314998438
1,0,9053000.00000003,62.3295970917911
1,0,12831399.999999994,134.097630817144
1,0,17709799.99999996,195.62355020435106
1,0,17709799.99999996,195.62355020435106
1,1,21077299.99999996,140.17890396381935
1,0,8437099.999999918,99.67040756054246
1,0,16714100.000000035,188.00166471699984
1,0,14465700.00000007,171.45346149743645
1,0,12946800.000000076,153.45083026158517
1,0,8445200.000000041,50.52739902238243
1,0,8445200.000000041,50.52739902238243
1,0,19526199.999999955,108.13406138203672
1,0,15509700.000000011,90.22723041839225
1,0,12297899.999999937,71.54267696746807
1,0,8269499.999999971,38.690796461004915
1,0,17823300.00000002,187.27461858529816
1,0,15977500.0,263.0950616674041
1,0,24309300.000000075,400.29145877586893
1,0,29616699.99999998,165.945918687525
1,0,27733699.999999955,155.6036199805868
1,0,12395899.999999965,46.49746992606681
1,0,12395899.999999965,39.88179501698739
1,0,12906699.999999983,141.50221462088376
1,0,12906699.999999983,150.8109181837314
1,1,15632099.999999918,182.65639971022011
1,0,14074700.000000011,112.44018374276024
1,0,14074700.000000011,132.9708638802818
1,0,12131800.000000076,131.19998269671854
1,0,9128500.000000058,64.85751028441139
1,0,11091700.000000129,78.80594257781779
1,0,16628500.000000058,137.06539837451948
1,0,14156100.000000006,137.75349344128307
1,0,8793099.999999978,79.27639586357255
1,0,8793099.999999978,52.87969450040562
1,0,11438900.00000014,114.36269657978852
1,0,10781399.999999994,158.5989790964871
1,0,11169299.99999993,150.783665204184
1,1,13744499.99999997,108.71491058080889
1,0,22497699.999999896,132.71961442485141
1,0,22072899.999999937,146.23431516741505
1,0,19725399.999999937,118.54634181520913
1,0,9891499.999999942,38.674778406402616
1,0,9175800.000000017,41.57043252132725
1,0,14546199.999999953,73.74349823070762
1,0,12509700.000000011,126.46919071930532
1,0,8558800.000000047,88.60316572978495
1,0,10309199.999999983,65.39959653374277
1,1,14231799.99999993,164.68750361618615
1,1,16000299.999999989,157.19703296163604
1,1,16000299.999999989,157.19703296163604
1,0,10060000.0,70.35998293455641
1,1,10060000.0,113.06800939610946
1,0,9358800.000000047,102.47123101685156
1,0,4154399.999999878,105.84997961679376
1,0,3186299.9999999013,103.10315816722648
1,1,5894299.99999993,216.37605080577694
1,0,8442900.000000082,180.11135762437442
1,0,8442900.000000082,201.8142703478011
1,0,7843400.000000111,241.54348361665689
1,0,5646699.999999982,152.34176873684586
1,0,10492900.000000082,283.0869260238489
1,0,10492900.000000082,304.78694048275935
1,0,15569600.000000063,235.99599842362053
1,0,14121100.000000006,134.57766680326597
1,1,18140800.00000002,172.88642796557554
1,1,17953600.000000007,391.9572099115794
1,0,7308999.999999942,104.85317113058758
1,0,6484400.000000023,64.26242505326798
1,0,5542700.000000041,74.48163726030415
1,0,8136699.999999982,73.49362766793374
1,0,12898200.00000007,149.57036006261941
1,0,10823899.999999994,166.92215162543883
1,0,8286499.999999942,101.8410412083518
1,0,9569599.999999918,74.19329828968279
1,0,12943199.999999924,100.34888589105341
1,1,21176199.999999955,165.06508691246435
1,0,9703899.999999994,57.08176470588232
1,0,7274400.000000023,74.96367439895329
1,0,7274400.000000023,80.10571522960129
1,0,5745299.999999989,63.267261314833654
1,0,4664199.999999982,81.18287991923819
1,0,16313200.00000007,321.5500758874897
1,0,15139300.000000076,353.0538000512965
1,0,12706900.000000022,272.4347154924761
1,1,25832099.999999918,170.62942143956317
1,0,17572299.99999996,112.37497761747592
1,0,14984700.000000011,125.86156210890671
1,0,4806399.999999994,69.8432073470219
1,0,4616499.999999942,113.00824949205652
1,0,4616499.999999942,119.15393351228356
1,0,4485599.999999977,93.3255659121168
1,0,2626600.000000035,56.895916820103274
1,0,8066699.999999982,174.73627206758547
1,0,8066699.999999982,164.49895999020976
1,0,9435699.999999924,210.3553593722127
1,0,4705499.999999884,76.98663307210201
1,0,4705499.999999884,120.37605525709782
1,0,2636199.9999999534,43.43069902304805
1,0,6000000.0,127.51036021677076
1,0,8854600.000000063,188.17553926257108
1,1,13773700.000000099,522.4831196419218
1,1,20151600.000000034,335.8600000000006
1,1,22910400.000000082,258.7400898967759
1,0,11471800.000000076,83.28771499306646
1,0,11471800.000000076,56.927489628615376
1,0,22285800.00000002,92.07562448871656
1,0,22285800.00000002,124.1991573597272
1,0,10171500.000000088,45.894885979082375
1,0,12649299.99999993,56.75946118155919
1,0,12455399.999999937,122.45391535171638
1,0,7115000.0,116.24107565880901
1,0,5325399.999999936,42.1003533792381
1,0,11376999.99999997,91.3419079274855
1,0,11109900.000000052,156.14757554462477
1,0,7621500.000000088,143.116010064975
1,0,6060500.000000029,53.269754768392765
1,0,8447200.000000011,76.03308760654886
1,1,10061600.000000035,132.01600734763392
1,0,9180899.999999965,91.24691897908815
1,0,15819299.99999993,161.02215933959474
1,0,13032099.999999918,132.65169019675517
1,0,15536399.999999994,166.59946813073722
1,1,9895200.000000041,140.82286137162632
1,1,10405800.000000017,128.0792664163955
1,0,8641200.000000099,102.43000403025233
1,0,8641200.000000099,119.86018253946335
1,0,8641200.000000099,83.04214957043268
1,0,3715399.9999999357,50.31008801624829
1,0,4477500.0,74.49091635056875
1,0,4557399.999999907,109.08873303492021
1,0,4557399.999999907,122.66243203961851
1,0,6814600.000000064,149.52823978584726
1,0,8131000.000000058,304.2128105357712
1,0,5315800.000000018,140.43272660027034
1,0,4156300.0000000466,58.59720851543817
1,0,2680399.9999999357,127.12354754565081
1,0,3004100.000000035,142.4756936210652
1,0,6600000.0,268.2817771635356
1,0,7966900.000000023,297.22802566781877
1,0,7027700.000000041,206.26027236440527
1,1,12776699.999999983,193.5863636363634
1,1,21355799.999999873,242.40683776206023
1,1,21355799.999999873,268.0565841167808
1,0,19544700.00000001,152.9714245462446
1,1,10000000.0,111.1432191521989
1,1,15723899.999999994,277.66025075048407
1,1,16410099.999999948,260.3620613060858
1,0,7432899.999999936,74.32899999999935
1,0,4756900.000000023,30.25267268298593
1,0,9225899.999999965,91.11550046911202
1,0,8004400.000000023,81.70756604466976
1,0,8004400.000000023,81.70756604466976
1,0,4372900.000000082,47.39808582360636
1,0,4498600.000000006,43.26200894359744
1,0,7545500.000000029,94.2669032032383
1,1,17050000.0,213.0078456848727
1,1,23624300.000000075,525.1478237673953
1,0,9596699.999999983,96.17955682057251
1,1,9596699.999999983,194.68292287093638
1,0,8462799.999999989,106.09000877522709
1,0,7376700.0000001285,76.8670480477679
1,0,19823600.000000007,206.56684068481917
1,0,26150100.000000093,309.0005671881662
1,0,23913000.00000003,324.1693440156115
1,0,8001700.0000001285,40.36451502249907
1,0,1850900.0000001106,32.436079420992506
1,1,5773800.000000047,133.40881258808977
1,0,4759199.999999982,89.56639566395621
1,0,4787299.999999959,90.09522734116143
1,0,6248699.999999953,117.96231971607529
1,1,7085700.00000007,148.88426626323954
1,0,10096099.99999986,112.49637866868483
1,1,16387199.999999866,276.9230769230771
1,1,16387199.999999866,242.43571914666703
1,0,6275100.000000093,59.534923435989406
1,0,6275100.000000093,61.13519674990147
1,0,6641000.000000058,62.458265539327094
1,0,5471000.000000058,87.18586157989476
1,0,5139200.0000001285,81.89829644149181
1,0,5778899.999999994,87.01852130703124
1,0,5138000.000000029,61.38956926937149
1,1,8929700.000000011,155.47759167044026
1,1,10482799.999999989,204.02491241728163
1,0,10231799.99999993,140.09831172209692
1,0,5254499.999999971,58.842962249571265
1,0,8049699.999999866,76.78959819895329
1,0,8818200.00000007,61.24983503622341
1,0,8818200.00000007,86.18424910573049
1,1,8818200.00000007,109.54693963750472
1,0,7848499.999999912,89.00342473520503
1,0,7848499.999999912,89.00342473520503
1,0,5960199.999999896,113.15904387613341
1,1,6113199.999999925,149.60965223562604
1,0,7842299.999999959,67.60836580571672
1,0,17777400.000000052,146.39436735702375
1,0,14638800.000000047,157.41322207406958
1,0,12349400.000000022,96.84664549268774
1,0,7395500.000000029,171.23176661264478
1,0,7648300.000000018,212.78377476073805
1,1,11764100.000000035,327.28967282439237
1,1,11011799.99999993,137.5391878895353
1,0,11422199.999999866,188.64079273327607
1,0,4807199.999999866,46.58184672331942
1,0,3899299.99999993,35.4101963348404
1,0,5165099.999999948,39.59660541385874
1,0,3637899.9999999357,31.849381029923997
1,0,3376299.9999999013,70.23423198535521
1,0,5771199.999999953,103.06082360084281
1,0,5771199.999999953,111.73452595303115
1,0,5325599.999999977,146.39214931691555
1,0,10089400.000000022,108.34836769759508
1,0,10089400.000000022,121.87915247275902
1,1,17835500.00000003,344.068908308731
1,1,21876300.000000045,204.54124708984384
1,1,22939400.000000022,227.36138918072407
1,0,3955899.999999965,59.1810783316384
1,1,12859600.000000063,192.38226317994582
1,1,13161900.000000022,192.85117730663018
1,1,13557600.000000093,185.27132842286903
1,1,10614900.000000052,118.72294735429232
1,1,11070299.999999989,127.64242640869703
1,0,12902399.999999907,129.1441040167337
1,0,7463099.999999977,70.30777492015883
1,0,7463099.999999977,67.41551719465583
1,1,16399700.000000011,240.3203352823072
1,1,18100700.00000007,265.24669919842876
1,1,18100700.00000007,185.19992633216071
1,0,11078500.000000058,67.55306499509169
1,0,2753899.9999999944,56.004311309050415
1,0,4838600.000000006,98.39952819636595
1,0,4573800.000000047,115.02074688796544
1,0,2500699.9999999246,89.05309639969892
1,0,2228499.9999999125,41.51839776432068
1,0,2756399.9999999944,56.96689124953481
1,0,4193399.999999965,87.99496380232797
1,1,4193399.999999965,167.68904706682494
1,0,3434599.9999999185,124.60455666811514
1,0,6397700.000000041,107.83791528309197
1,1,7769199.999999982,130.95555143526437
1,1,7769199.999999982,152.97314326219055
1,0,7936000.000000058,40.5305332400426
1,0,7936000.000000058,40.5305332400426
1,0,13574100.000000035,69.32529123660028
1,0,15764499.99999997,73.24285900128214
1,0,12316600.000000035,65.1751271318735
1,0,11709199.999999983,169.62971547777715
1,0,12800199.999999968,241.09924469307194
1,0,13173899.999999994,254.32730361590083
1,0,11106800.000000004,93.42395235772084
1,0,12855100.00000002,100.42889954844496
1,0,11930100.00000002,72.2764779295056
1,0,12427200.000000011,81.95361290450212
1,1,30438199.999999996,282.9091923041171
1,0,29731100.000000007,202.56932615657198
1,0,23872399.99999998,210.22023793798868
1,0,10278299.999999944,75.12773095730603
1,0,13162799.999999989,120.96160561671768
1,0,13162799.999999989,97.24865535788182
1,0,9091900.000000022,77.92968080364862
1,1,16561599.999999963,206.97601759626082
1,0,19657600.00000002,187.4419536010231
1,0,18739100.000000034,187.19070594463966
1,0,12399700.000000011,74.870181624964
1,0,12680599.999999978,84.0236686390532
1,0,9986999.99999997,80.8232037939239
1,0,4840400.000000008,29.753204044626198
1,0,6313700.000000026,38.00548980894048
1,0,6426399.999999994,46.14213708229823
1,0,6426399.999999994,59.95503186020673
1,1,12372600.00000002,184.7677075399858
1,1,15249199.999999983,237.28992904269882
1,1,15249199.999999983,237.28992904269882
1,0,5344599.999999992,43.19706448119217
1,1,10845499.999999957,217.77675147085543
1,1,10845499.999999957,199.00730302029504
1,0,8235799.999999945,82.48337472958876
1,0,12948699.999999953,119.39237471762488
1,0,12948699.999999953,119.39237471762488
1,0,11259399.99999995,103.8163293531879
1,0,3699899.9999999795,87.07695928453674
1,0,3748199.999999997,90.86104916125181
1,0,4940199.999999968,107.60149851890444
1,0,5540699.999999997,120.68086774699351
1,0,4087099.999999991,93.57985117343998
1,0,3626699.9999999823,54.300044916903936
1,0,7622099.999999992,133.99845293766032
1,0,6478099.999999977,116.91843990831447
1,0,4620200.000000041,113.04347826087083
1,1,6936700.000000055,197.03735264877548
1,1,19426100.000000007,280.04814969653944
1,1,20872899.999999937,231.09430703482997
1,0,20904599.999999993,235.61646923571215
1,0,9264899.99999998,47.69305213089594
1,0,6065599.999999977,29.05968983706143
1,0,5388699.999999953,24.47829128471604
1,0,7972500.0,86.05057798788997
1,0,14163399.999999965,233.50369295700375
1,0,16338899.999999994,303.206710338303
1,0,11791900.000000022,147.9071809344625
1,0,9883200.00000007,69.77985511953412
1,0,9433800.000000047,53.99041955920849
1,0,11527500.0,112.21708444877099
1,0,8959700.000000011,96.45494671116445
1,0,10373000.00000003,119.38357425651583
1,0,17575300.00000006,120.31778413680736
1,1,23861000.00000006,180.51079539436893
1,1,23861000.00000006,190.96744245606283
1,1,10641299.999999974,155.49726744016175
1,0,10183899.999999994,135.31983310744465
1,0,9672200.000000011,163.83562571989975
1,0,4621500.000000015,43.42984409799579
1,0,6709899.9999999795,65.88733196516053
1,0,7155499.999999956,73.98006658257633
1,0,6123999.999999942,132.51108947311312
1,0,5665799.999999945,80.40587525721895
1,0,5665799.999999945,77.66583048895814
1,0,4813399.999999965,67.26853469359226
1,1,11165100.00000002,197.06131525998322
1,1,11165100.00000002,231.95869863298503
1,1,11165100.00000002,219.40104934268766
1,0,4092000.000000044,36.64991804820411
1,0,2990000.0,53.20284697508897
1,0,3120000.0,59.60454675709269
1,0,6222200.000000011,115.96250256257366
1,1,14704900.000000052,477.912834346267
1,1,14704900.000000052,210.31336260530264
1,0,14082000.000000043,149.40162960448106
1,0,15688000.00000003,111.40463002414418
1,0,15758600.000000006,199.39518169855265
1,0,11916299.999999974,134.52129641127476
1,0,13312199.999999939,80.84462906281848
1,0,6421499.999999942,77.63310604961453
1,0,6469799.999999959,94.53658108917595
1,0,6469799.999999959,94.53658108917595
1,1,8527000.000000043,131.79696435747778
1,1,18841300.000000045,291.2192030665579
1,1,29369000.000000015,522.9988424895422
1,0,11116299.999999974,53.143794161798056
1,0,12504199.999999983,69.74520871912696
1,0,11330200.000000041,84.91366388872268
1,0,7108300.000000018,63.94483776076603
1,1,22692799.99999999,224.67896357461748
1,0,9835100.00000002,53.9131149787585
1,0,13688400.000000037,76.70634120099558
1,0,9695899.999999965,50.147921343084256
1,0,5833799.999999974,96.9681858980755
1,0,4212699.999999968,53.566024540656684
1,0,4212699.999999968,63.55626631262853
1,0,4362500.0,72.0633662057912
1,0,6575800.000000018,112.71898248140229
1,0,5712500.0,135.60187053433768
1,0,7129300.000000003,132.80120706355805
1,1,6914700.000000011,132.72231712700892
1,0,5281500.000000015,116.67697609684915
1,0,5162600.0000000205,114.0502805637781
1,1,11417500.0,133.7758354032907
1,1,13201999.99999997,159.29438451700076
1,0,8879499.99999997,77.77096562294696
1,0,5009700.000000011,43.87738121305024
1,0,13615599.999999978,103.1328586577792
1,0,17139000.000000015,129.8212392061813
1,1,17139000.000000015,180.69964574898881
1,1,14626500.000000015,149.2469541437936
1,1,15715200.000000041,283.76006644758314
1,0,8441100.000000006,76.28097381120202
1,0,8441100.000000006,57.711003999589764
1,0,11538499.999999985,73.4225463245772
1,1,22081800.000000004,261.59860681664696
1,1,22081800.000000004,261.59860681664696
1,0,12200400.00000001,105.73644754517505
1,0,51719799.99999996,234.21913068680973
1,0,50690199.99999997,229.55646731697578
1,0,53152500.0,240.70727929788328
1,0,12630400.00000001,78.13617410885524
1,0,18360200.00000004,128.78566819112854
1,0,11228699.999999953,85.14654028435984
1,0,10307699.999999968,81.61024195591557
1,0,10307699.999999968,54.440160557726635
1,1,5646100.000000006,106.57241548538094
1,0,4701300.000000047,117.50018744845268
1,0,5654199.999999982,119.06085491682386
1,0,7497500.0,132.7907759338303
1,0,7004400.000000023,123.75920985211246
1,0,6482300.000000032,94.18935805411091
1,0,6482300.000000032,86.45948649549892
1,0,9381699.999999983,109.54938754539391
1,0,7153699.999999953,102.13151733196175
1,0,6105800.000000018,94.1918763401877
1,0,4866300.000000047,41.86928914356545
1,0,4866300.000000047,51.87013014698888
1,0,6131399.999999994,200.68735271013546
1,0,8560599.999999978,286.7104293656617
1,0,8044199.999999982,226.59080025914582
1,0,5675499.999999956,92.56450402844311
1,1,5627699.999999968,124.12492556077494
1,0,5563600.000000006,98.86099116868414
1,0,13233300.000000017,376.502219187433
1,0,12759599.99999999,363.02492318196977
1,0,8699400.000000022,156.36278668488052
1,1,28691100.000000007,335.15290984276896
1,0,21866900.000000022,105.93299163848819
1,0,12813299.999999944,52.68150085107407
1,0,11298599.999999933,39.380156215690334
1,0,11102500.0,38.69666900188559
1,1,13229299.99999993,146.24313239959673
1,1,14838199.999999996,275.5775945323552
1,1,14838199.999999996,184.56161299551115
1,0,8383300.000000018,63.36918809007327
1,0,6345400.000000008,78.7045880207886
1,0,7535699.999999997,93.46836510673177
1,0,7600299.999999989,110.35879713659213
1,1,13519199.999999983,213.0551265483652
1,0,12189000.000000015,161.75006966837879
1,0,6832500.0,89.8977671934004
1,0,7326699.999999982,54.1947748387478
1,0,7326699.999999982,60.109114775617144
1,0,8083799.999999974,117.02423347520177
1,0,8184100.000000035,111.70240353774625
1,0,2925200.000000041,39.925205071861114
1,0,10026800.000000004,112.50518945726749
1,0,10026800.000000004,122.51560953556238
1,0,11890600.00000005,145.2890360577217
1,0,4176900.0000000233,41.657358279810325
1,0,5678799.999999974,56.63621494394994
1,0,6219400.000000023,52.30518224479839
1,0,5654599.999999992,47.555211679814036
1,0,7669799.999999959,115.85450590616591
1,1,7669799.999999959,123.3205775476723
1,0,2386500.0000000144,48.542603177185924
1,0,2458400.0000000377,47.44572035125023
1,0,1487000.0000000438,28.69825340152542
1,0,1487000.0000000438,62.3088204483568
1,0,1498600.0000000058,60.95834689228696
1,1,4928499.999999985,173.9613850552363
1,1,4928499.999999985,331.4391392064452
1,1,4928499.999999985,328.87361537434714
1,0,4243300.000000018,85.22907586317704
1,0,2775899.999999965,63.6776546693268
1,0,2775899.999999965,78.72436970023428
1,1,8866699.999999983,319.41712597716395
1,1,15828199.999999996,474.67986204828713
1,1,18077200.00000001,377.26855330161436
1,0,3898199.999999997,67.25556839944089
1,0,3898199.999999997,52.58245093410676
1,0,2905100.0000000205,40.88925796644533
1,0,3818100.0000000494,43.25184648149033
1,0,16363700.000000026,419.77579395618585
1,0,22013999.99999994,564.7221794674455
1,0,21148499.999999985,553.901155024743
1,0,13174099.999999963,80.50807580192708
1,0,6584700.000000011,29.911420005451205
1,0,6584700.000000011,31.135541527768
1,0,5761399.999999994,43.73277870974117
1,0,7249800.000000032,110.10068795844943
1,0,7249800.000000032,110.10068795844943
1,1,7249800.000000032,125.83399868087686
1,0,9152900.00000001,126.25037932080842
1,0,9168399.999999965,126.46417832215957
1,0,8979000.000000015,123.85169246048133
1,0,7262799.999999989,73.8614868300617
1,1,14106899.99999995,161.24198470664837
1,0,13828999.999999942,201.82428488032693
1,0,9766899.99999995,114.0247034650226
1,0,4247199.9999999385,30.10725247928286
1,0,1311299.999999974,97.22695929413128
1,0,2979799.999999959,227.08428593201742
1,0,2607699.999999968,302.7632648322358
1,0,4899199.999999982,373.6139708686097
1,0,5589599.999999992,187.58305926572484
1,0,6845200.000000041,229.72011544399408
1,0,3696599.9999999623,75.45313520574737
1,0,2999500.000000044,45.89128073315955
1,0,2730900.0000000377,38.72463521504291
1,0,3460200.000000041,47.31638611221317
1,0,3460200.000000041,91.86290386810889
1,0,5417399.9999999795,154.6944603083959
1,0,6455599.999999977,184.34037692747088
1,0,4842099.999999992,148.99686134531518
1,1,9000000.0,166.13135452431118
1,0,14921599.999999963,114.51902561819772
1,0,15190199.999999968,109.09365124964057
1,0,16919300.000000004,121.51177822464798
1,0,7220599.999999977,36.41048655899055
1,0,7220599.999999977,47.53459467288115
1,0,6595599.999999977,91.34420962246902
1,0,10196600.000000035,141.21541146165234
1,0,7988199.999999997,141.81327557741102
1,0,5420900.000000111,73.21879600740294
1,0,6235900.000000111,61.15666006315919
1,0,7749600.000000064,67.62244657551068
1,0,8407400.000000052,99.88357173406797
1,0,8407400.000000052,89.10013883148353
1,0,7140000.0,139.51034604036988
1,0,6000099.999999948,108.89473684210431
1,0,5453799.999999974,103.46803263137905
1,0,5453799.999999974,103.45821872332274
1,0,8350699.999999997,158.41221663663043
1,0,8219199.999999982,150.70592981040784
1,0,8470000.0,155.30455828963366
1,1,3885000.0,213.14533384538942
1,0,2737500.0,87.18985890371658
1,0,9152299.999999959,291.5023728381668
1,0,8354599.999999992,215.04761904761884
1,0,8208300.000000018,193.8205430932708
1,0,2809800.000000032,105.310895393728
1,0,2632500.0,93.6899423446498
1,0,3587099.999999991,127.6638906683732
1,0,4125100.0000000205,164.3007926076403
1,0,2050899.999999965,62.548415627189705
1,0,2610899.999999965,62.98306556665233
1,0,9190899.999999965,222.80429565343675
1,0,9190899.999999965,222.80429565343675
1,0,6790100.0000000205,260.0674097054698
1,0,5624499.999999971,61.19640078773562
1,0,5980599.999999977,65.07088533223079
1,0,6011600.000000035,88.53477857468988
1,1,12336500.000000015,265.7983754551544
1,1,13162799.999999989,363.8544891640843
1,0,11211399.999999994,135.57694633226066
1,0,5602799.999999989,45.41644712843985
1,0,5790100.0000000205,43.98836113896758
1,0,5790100.0000000205,51.6447544463673
1,0,5318300.000000018,94.92218176626022
1,0,8257299.999999959,142.61066302827118
1,0,10804099.999999963,186.59608642337653
1,0,6841299.999999974,118.15512685445759
1,0,5711999.999999971,69.17515410606372
1,0,6405800.000000018,58.6961103220784
1,0,8707099.99999999,116.13182885189883
1,0,11397699.999999968,152.01797908664022
1,0,6091199.999999953,95.08882575166156
1,0,5197299.999999959,59.375321307392056
1,1,8436699.999999983,162.32851672984145
1,1,12151199.999999953,312.2497751509677
1,1,12151199.999999953,290.1086307747403
1,0,1448999.9999999418,59.87850737633597
1,0,1340900.0000000377,85.96614950635163
1,1,4397500.0,303.48516218082653
1,1,8069100.000000035,571.2637168141617
1,0,7365000.0,91.27411979031078
1,0,7548499.999999985,105.72276922645985
1,0,4708600.000000006,61.393032231146485
1,0,3305000.0,35.41008196282215
1,0,5352500.0,103.38400324493544
1,0,7024899.9999999795,140.35764235764194
1,0,4934500.000000044,145.78409359489788
1,0,6876000.000000058,117.04029004749157
1,1,10189300.000000004,140.9405906355909
1,0,14791300.000000047,152.67493110104232
1,0,15350100.00000002,226.0159608928668
1,0,9285899.999999965,87.33177214118403
1,0,4890000.0,29.299332526453227
1,0,6500000.0,42.345001009765355
1,1,8400100.00000002,129.232307692308
1,0,7005000.0,101.22686088351294
1,0,7005000.0,109.96687650115346
1,1,7595600.000000049,108.43112062812348
1,0,6639400.000000023,89.76771855817852
1,0,7235800.000000018,119.28060400250547
1,0,4900000.0,64.51103270314351
1,0,5021399.999999994,66.109326452156
1,0,5250000.0,64.1025641025641
1,0,5250000.0,69.8528433433565
1,1,6549300.000000003,126.66176726555412
1,1,8351800.000000003,168.98951883776422
1,1,8775299.999999989,180.71046128500856
1,0,6173199.999999997,94.2574015543645
1,0,5862200.000000011,70.19085706075347
1,0,3919800.000000032,44.66855833988624
1,0,4966900.000000023,47.79312003848952
1,0,4452099.999999992,93.53347759406732
1,1,7523099.999999977,220.80655102579897
1,0,9323299.999999944,297.8785264704944
1,0,10265000.0,327.96574970446557
1,0,5248899.999999994,69.7704403769724
1,0,7858199.999999997,76.00247596572369
1,0,2486699.9999999823,129.05854266140642
1,1,2486699.9999999823,206.55370047346076
1,0,1720999.9999999856,155.77480086892973
1,0,4391999.999999971,183.56599515171501
1,0,4109799.999999959,232.40217145442435
1,0,3494099.9999999623,157.80417306476335
1,0,778299.9999999447,17.7208561020025
1,1,5571800.000000003,135.57350722663045
1,1,5571800.000000003,159.4630949314577
1,1,5571800.000000003,294.6171742808873
1,1,4171699.9999999823,157.78584666590987
1,1,5382799.999999989,230.04401897517138
1,0,4260299.999999989,139.29377145659666
1,1,10072399.99999998,241.44593331255896
1,1,10072399.99999998,187.1219439696812
1,0,3234599.999999991,62.89080727951456
1,0,2759899.9999999795,45.425218493342015
1,0,4669199.999999982,135.08462317372957
1,0,6259399.999999951,192.34243923424225
1,0,6746900.000000023,208.58529648179194
1,1,11257799.999999989,241.10768439989786
1,1,11257799.999999989,179.85429913410357
1,0,5833199.999999997,184.55405448160224
1,0,5779899.9999999795,172.0259531533681
1,0,3861699.9999999823,135.6505550091323
1,1,10778499.999999985,194.6034267969006
1,0,3763499.9999999856,67.56247307195137
1,0,5345200.000000041,78.34549878345535
1,0,5345200.000000041,77.84234057116308
1,0,5345200.000000041,77.84234057116308
1,0,1658700.000000026,85.86737070973966
1,0,1139300.0000000028,63.601853402557886
1,0,1581900.0000000233,81.48243535593015
1,0,1173600.0000000058,70.75420510037905
1,0,1588600.0000000058,90.73048146667266
1,0,3691300.0000000466,247.7548828780399
1,0,3376800.000000003,383.5965011927806
1,1,6104400.000000023,417.1951886276678
1,1,7314000.000000015,119.81521525457026
1,0,7993300.000000018,119.22646659606542
1,0,5587200.000000011,110.62448025977186
1,0,3199300.000000003,43.74213836477983
1,0,4418300.000000018,53.56489058616749
1,0,4545299.999999989,51.14376694834171
1,0,8957799.999999989,160.3271764032068
1,0,12015000.0,271.93717040490577
1,0,12621299.999999974,277.67804105339593
1,0,8885499.999999957,99.13533415151177
1,0,5539899.9999999795,41.402478214728475
1,0,9670599.999999978,287.8154761904755
1,1,9670599.999999978,322.06347620475174
1,0,7618999.999999942,226.75595238095067
1,0,9425199.999999968,166.89745542117538
1,0,52071799.99999993,1779.5632411742536
1,0,51418299.99999995,1467.9618579952728
1,0,45538399.99999996,455.68931183893426
1,0,47603200.0,88.99840524083112
1,0,19211699.99999998,36.894633947741404
1,0,15000299.999999989,29.173076511669976
1,0,27465200.00000004,183.09767137990613
1,0,29647399.999999907,255.09503446020724
1,0,25576199.999999955,241.8644676867191
1,0,16884100.000000034,53.393354647540804
1,0,18154400.000000022,58.63066787236809
1,0,15935500.00000003,53.750075891984054
1,0,8139600.000000064,26.99128543194833
1,0,10786399.999999994,59.414797514651994
1,0,33859599.99999992,186.50905565592845
1,0,33859599.99999992,205.38022479270558
1,0,26298300.00000002,229.81395226901316
1,0,28532200.00000001,81.45540710288908
1,0,49199699.999999866,145.3050242767191
1,0,44672099.99999992,131.93333648359703
1,0,33383099.999999978,89.38988633168641
1,0,21153899.999999993,96.87980874917542
1,0,17977099.999999918,108.58162753755288
1,0,12790100.000000093,60.567215350520364
1,1,23175299.99999999,109.55568476734786
1,1,23175299.99999999,109.55568476734786
1,0,6033000.000000029,61.48405572597713
1,0,6790000.0,61.49972374940037
1,0,14313099.999999978,29.741012097461184
1,0,17266500.000000086,35.877845147509404
1,0,12387600.000000093,26.27514280199483
1,0,12387600.000000093,25.52192034546785
1,0,8749799.999999959,50.67500651550642
1,0,8749799.999999959,70.63353676256816
1,0,11020000.0,88.95992766960443
1,0,16728000.00000003,130.8408290965978
1,0,24890299.99999999,240.48134335568628
1,0,24244100.000000034,238.76873682759427
1,0,21251900.000000022,116.64242550645734
1,0,16220000.0,65.16594818061657
1,0,16220000.0,53.40198989905647
1,0,26504800.000000104,163.40813810111038
1,0,25169400.000000022,155.17509247842185
1,0,22371200.0000001,162.08547974583576
1,0,9329300.000000076,81.87690336396386
1,0,9329300.000000076,99.57626214110506
1,0,5559000.000000088,49.69871439555241
1,0,18346300.000000045,196.65248196541964
1,0,18346300.000000045,330.02878215505945
1,0,15393600.000000006,338.06825668731335
1,0,18781999.99999997,102.37486577675021
1,0,19172299.99999996,104.50227021252194
1,0,14550000.0,79.30754430048546
1,0,10279400.000000022,54.73006069641166
1,0,14284099.99999989,74.50384147963427
1,0,17037599.999999948,117.09690721649449
1,1,17751299.9999999,172.68809463587235
1,0,5685900.000000111,135.61751657683016
1,0,5685900.000000111,174.28580186366702
1,0,5477400.000000052,167.89480137322857
1,0,4943300.000000018,86.92127797998913
1,0,3625800.0000000177,63.76826887563881
1,0,4219600.000000064,57.10419119537738
1,0,4246200.000000099,61.550726948556076
1,0,4246200.000000099,85.89808427568796
1,1,9760000.0,229.8525740662186
1,0,9445099.999999948,318.44571813889957
1,0,11200000.0,377.61294672959474
1,0,7200000.0,73.77049180327869
1,0,11292799.999999989,115.70491803278678
1,0,9360000.0,55.49231644849171
1,1,18884400.000000022,197.22610966057465
1,1,20621800.000000075,160.19918276028275
1,0,13760000.0,72.86437482790019
1,0,6680000.0,35.37311219842829
1,0,7230000.0,35.059985064349256
1,1,13778200.00000007,143.03718622179002
1,0,6728699.999999953,58.03104786545885
1,0,4893899.999999994,39.633459940556854
1,0,8699100.000000035,111.63999435325684
1,1,8699100.000000035,172.679992853886
1,0,9786300.000000047,201.42636616239437
1,0,9786300.000000047,112.49784460461434
1,0,5993300.000000018,68.89563288156239
1,0,14528099.999999978,133.60769563257995
1,1,51135000.0,522.516170564971
1,1,51135000.0,522.516170564971
1,1,54696499.99999994,376.48763430868473
1,0,16703500.000000058,32.66549330204372
1,0,12711399.999999994,24.858511782536414
1,0,13929000.000000088,25.465980455788035
1,1,26696999.99999997,337.9409865947644
1,0,1875000.0,58.50051480452858
1,0,1875000.0,58.50051480452858
1,0,5771499.999999942,176.43911833939447
1,0,4483000.000000029,223.7919329073419
1,0,4563000.000000029,243.36000000000152
1,1,5354100.000000035,136.61903546822953
1,0,8463399.999999965,105.9116506069316
1,0,8463399.999999965,105.9116506069316
1,0,8862200.000000011,119.90366792493681
