zone,direction,reference,level_pips,n,hit_probability,median_projection_pips,p75_projection_pips,p90_projection_pips
0-10%,up,C5C6_high,50,306,0.3888888888888889,0.0,9311.25000000011,30965.50000000061
0-10%,up,C5C6_high,100,306,0.38562091503267976,0.0,9311.25000000011,30965.50000000061
0-10%,up,C5C6_high,250,306,0.38235294117647056,0.0,9311.25000000011,30965.50000000061
0-10%,up,C5C6_high,500,306,0.37254901960784315,0.0,9311.25000000011,30965.50000000061
0-10%,up,C5C6_high,750,306,0.37254901960784315,0.0,9311.25000000011,30965.50000000061
0-10%,up,C5C6_high,800,306,0.37254901960784315,0.0,9311.25000000011,30965.50000000061
0-10%,up,C5C6_high,1000,306,0.37254901960784315,0.0,9311.25000000011,30965.50000000061
0-10%,up,C5C6_high,1500,306,0.3660130718954248,0.0,9311.25000000011,30965.50000000061
0-10%,up,C5C6_high,2000,306,0.35294117647058826,0.0,9311.25000000011,30965.50000000061
0-10%,down,C5C6_low,50,306,0.2777777777777778,0.0,4199.750000000131,33268.500000000495
0-10%,down,C5C6_low,100,306,0.2777777777777778,0.0,4199.750000000131,33268.500000000495
0-10%,down,C5C6_low,250,306,0.2777777777777778,0.0,4199.750000000131,33268.500000000495
0-10%,down,C5C6_low,500,306,0.2777777777777778,0.0,4199.750000000131,33268.500000000495
0-10%,down,C5C6_low,750,306,0.27450980392156865,0.0,4199.750000000131,33268.500000000495
0-10%,down,C5C6_low,800,306,0.27450980392156865,0.0,4199.750000000131,33268.500000000495
0-10%,down,C5C6_low,1000,306,0.27450980392156865,0.0,4199.750000000131,33268.500000000495
0-10%,down,C5C6_low,1500,306,0.2679738562091503,0.0,4199.750000000131,33268.500000000495
0-10%,down,C5C6_low,2000,306,0.2647058823529412,0.0,4199.750000000131,33268.500000000495
10-25%,up,C5C6_high,50,546,0.34615384615384615,0.0,7627.25000000064,39111.000000000786
10-25%,up,C5C6_high,100,546,0.3443223443223443,0.0,7627.25000000064,39111.000000000786
10-25%,up,C5C6_high,250,546,0.33882783882783885,0.0,7627.25000000064,39111.000000000786
10-25%,up,C5C6_high,500,546,0.33516483516483514,0.0,7627.25000000064,39111.000000000786
10-25%,up,C5C6_high,750,546,0.32783882783882784,0.0,7627.25000000064,39111.000000000786
10-25%,up,C5C6_high,800,546,0.326007326007326,0.0,7627.25000000064,39111.000000000786
10-25%,up,C5C6_high,1000,546,0.326007326007326,0.0,7627.25000000064,39111.000000000786
10-25%,up,C5C6_high,1500,546,0.32234432234432236,0.0,7627.25000000064,39111.000000000786
10-25%,up,C5C6_high,2000,546,0.31684981684981683,0.0,7627.25000000064,39111.000000000786
10-25%,down,C5C6_low,50,546,0.34615384615384615,0.0,10200.500000000102,42621.00000000064
10-25%,down,C5C6_low,100,546,0.3443223443223443,0.0,10200.500000000102,42621.00000000064
10-25%,down,C5C6_low,250,546,0.33882783882783885,0.0,10200.500000000102,42621.00000000064
10-25%,down,C5C6_low,500,546,0.33882783882783885,0.0,10200.500000000102,42621.00000000064
10-25%,down,C5C6_low,750,546,0.336996336996337,0.0,10200.500000000102,42621.00000000064
10-25%,down,C5C6_low,800,546,0.336996336996337,0.0,10200.500000000102,42621.00000000064
10-25%,down,C5C6_low,1000,546,0.32967032967032966,0.0,10200.500000000102,42621.00000000064
10-25%,down,C5C6_low,1500,546,0.32234432234432236,0.0,10200.500000000102,42621.00000000064
10-25%,down,C5C6_low,2000,546,0.30952380952380953,0.0,10200.500000000102,42621.00000000064
25-40%,up,C5C6_high,50,475,0.3684210526315789,0.0,11070.999999999913,36818.80000000065
25-40%,up,C5C6_high,100,475,0.3663157894736842,0.0,11070.999999999913,36818.80000000065
25-40%,up,C5C6_high,250,475,0.36210526315789476,0.0,11070.999999999913,36818.80000000065
25-40%,up,C5C6_high,500,475,0.35789473684210527,0.0,11070.999999999913,36818.80000000065
25-40%,up,C5C6_high,750,475,0.35368421052631577,0.0,11070.999999999913,36818.80000000065
25-40%,up,C5C6_high,800,475,0.35368421052631577,0.0,11070.999999999913,36818.80000000065
25-40%,up,C5C6_high,1000,475,0.35157894736842105,0.0,11070.999999999913,36818.80000000065
25-40%,up,C5C6_high,1500,475,0.3473684210526316,0.0,11070.999999999913,36818.80000000065
25-40%,up,C5C6_high,2000,475,0.3452631578947368,0.0,11070.999999999913,36818.80000000065
25-40%,down,C5C6_low,50,475,0.3136842105263158,0.0,4592.499999999563,38181.19999999999
25-40%,down,C5C6_low,100,475,0.31157894736842107,0.0,4592.499999999563,38181.19999999999
25-40%,down,C5C6_low,250,475,0.30736842105263157,0.0,4592.499999999563,38181.19999999999
25-40%,down,C5C6_low,500,475,0.29894736842105263,0.0,4592.499999999563,38181.19999999999
25-40%,down,C5C6_low,750,475,0.2968421052631579,0.0,4592.499999999563,38181.19999999999
25-40%,down,C5C6_low,800,475,0.2968421052631579,0.0,4592.499999999563,38181.19999999999
25-40%,down,C5C6_low,1000,475,0.28842105263157897,0.0,4592.499999999563,38181.19999999999
25-40%,down,C5C6_low,1500,475,0.28,0.0,4592.499999999563,38181.19999999999
25-40%,down,C5C6_low,2000,475,0.27578947368421053,0.0,4592.499999999563,38181.19999999999
40-50%,up,C5C6_high,50,289,0.3391003460207612,0.0,11984.000000000378,39445.59999999938
40-50%,up,C5C6_high,100,289,0.3391003460207612,0.0,11984.000000000378,39445.59999999938
40-50%,up,C5C6_high,250,289,0.3356401384083045,0.0,11984.000000000378,39445.59999999938
40-50%,up,C5C6_high,500,289,0.32525951557093424,0.0,11984.000000000378,39445.59999999938
40-50%,up,C5C6_high,750,289,0.31833910034602075,0.0,11984.000000000378,39445.59999999938
40-50%,up,C5C6_high,800,289,0.31833910034602075,0.0,11984.000000000378,39445.59999999938
40-50%,up,C5C6_high,1000,289,0.31833910034602075,0.0,11984.000000000378,39445.59999999938
40-50%,up,C5C6_high,1500,289,0.314878892733564,0.0,11984.000000000378,39445.59999999938
40-50%,up,C5C6_high,2000,289,0.314878892733564,0.0,11984.000000000378,39445.59999999938
40-50%,down,C5C6_low,50,289,0.3391003460207612,0.0,8725.0,34289.19999999984
40-50%,down,C5C6_low,100,289,0.3391003460207612,0.0,8725.0,34289.19999999984
40-50%,down,C5C6_low,250,289,0.3356401384083045,0.0,8725.0,34289.19999999984
40-50%,down,C5C6_low,500,289,0.33217993079584773,0.0,8725.0,34289.19999999984
40-50%,down,C5C6_low,750,289,0.328719723183391,0.0,8725.0,34289.19999999984
40-50%,down,C5C6_low,800,289,0.328719723183391,0.0,8725.0,34289.19999999984
40-50%,down,C5C6_low,1000,289,0.328719723183391,0.0,8725.0,34289.19999999984
40-50%,down,C5C6_low,1500,289,0.3217993079584775,0.0,8725.0,34289.19999999984
40-50%,down,C5C6_low,2000,289,0.3217993079584775,0.0,8725.0,34289.19999999984
50-60%,up,C5C6_high,50,311,0.36977491961414793,0.0,14318.00000000003,43040.000000000146
50-60%,up,C5C6_high,100,311,0.36977491961414793,0.0,14318.00000000003,43040.000000000146
50-60%,up,C5C6_high,250,311,0.3665594855305466,0.0,14318.00000000003,43040.000000000146
50-60%,up,C5C6_high,500,311,0.3665594855305466,0.0,14318.00000000003,43040.000000000146
50-60%,up,C5C6_high,750,311,0.36012861736334406,0.0,14318.00000000003,43040.000000000146
50-60%,up,C5C6_high,800,311,0.35691318327974275,0.0,14318.00000000003,43040.000000000146
50-60%,up,C5C6_high,1000,311,0.3536977491961415,0.0,14318.00000000003,43040.000000000146
50-60%,up,C5C6_high,1500,311,0.34726688102893893,0.0,14318.00000000003,43040.000000000146
50-60%,up,C5C6_high,2000,311,0.34726688102893893,0.0,14318.00000000003,43040.000000000146
50-60%,down,C5C6_low,50,311,0.3054662379421222,0.0,6807.500000000437,39520.99999999991
50-60%,down,C5C6_low,100,311,0.3054662379421222,0.0,6807.500000000437,39520.99999999991
50-60%,down,C5C6_low,250,311,0.3022508038585209,0.0,6807.500000000437,39520.99999999991
50-60%,down,C5C6_low,500,311,0.3022508038585209,0.0,6807.500000000437,39520.99999999991
50-60%,down,C5C6_low,750,311,0.3022508038585209,0.0,6807.500000000437,39520.99999999991
50-60%,down,C5C6_low,800,311,0.2990353697749196,0.0,6807.500000000437,39520.99999999991
50-60%,down,C5C6_low,1000,311,0.2958199356913183,0.0,6807.500000000437,39520.99999999991
50-60%,down,C5C6_low,1500,311,0.2958199356913183,0.0,6807.500000000437,39520.99999999991
50-60%,down,C5C6_low,2000,311,0.2829581993569132,0.0,6807.500000000437,39520.99999999991
60-75%,up,C5C6_high,50,518,0.3204633204633205,0.0,7553.9999999997235,35534.89999999978
60-75%,up,C5C6_high,100,518,0.3204633204633205,0.0,7553.9999999997235,35534.89999999978
60-75%,up,C5C6_high,250,518,0.3185328185328185,0.0,7553.9999999997235,35534.89999999978
60-75%,up,C5C6_high,500,518,0.3166023166023166,0.0,7553.9999999997235,35534.89999999978
60-75%,up,C5C6_high,750,518,0.3108108108108108,0.0,7553.9999999997235,35534.89999999978
60-75%,up,C5C6_high,800,518,0.3108108108108108,0.0,7553.9999999997235,35534.89999999978
60-75%,up,C5C6_high,1000,518,0.30694980694980695,0.0,7553.9999999997235,35534.89999999978
60-75%,up,C5C6_high,1500,518,0.305019305019305,0.0,7553.9999999997235,35534.89999999978
60-75%,up,C5C6_high,2000,518,0.305019305019305,0.0,7553.9999999997235,35534.89999999978
60-75%,down,C5C6_low,50,518,0.34942084942084944,0.0,8690.249999999833,38639.899999999034
60-75%,down,C5C6_low,100,518,0.34942084942084944,0.0,8690.249999999833,38639.899999999034
60-75%,down,C5C6_low,250,518,0.3474903474903475,0.0,8690.249999999833,38639.899999999034
60-75%,down,C5C6_low,500,518,0.33976833976833976,0.0,8690.249999999833,38639.899999999034
60-75%,down,C5C6_low,750,518,0.33204633204633205,0.0,8690.249999999833,38639.899999999034
60-75%,down,C5C6_low,800,518,0.3301158301158301,0.0,8690.249999999833,38639.899999999034
60-75%,down,C5C6_low,1000,518,0.3301158301158301,0.0,8690.249999999833,38639.899999999034
60-75%,down,C5C6_low,1500,518,0.3301158301158301,0.0,8690.249999999833,38639.899999999034
60-75%,down,C5C6_low,2000,518,0.32432432432432434,0.0,8690.249999999833,38639.899999999034
75-90%,up,C5C6_high,50,551,0.29764065335753176,0.0,4787.000000000262,27525.0
75-90%,up,C5C6_high,100,551,0.29764065335753176,0.0,4787.000000000262,27525.0
75-90%,up,C5C6_high,250,551,0.294010889292196,0.0,4787.000000000262,27525.0
75-90%,up,C5C6_high,500,551,0.29038112522686027,0.0,4787.000000000262,27525.0
75-90%,up,C5C6_high,750,551,0.2849364791288566,0.0,4787.000000000262,27525.0
75-90%,up,C5C6_high,800,551,0.2849364791288566,0.0,4787.000000000262,27525.0
75-90%,up,C5C6_high,1000,551,0.2831215970961887,0.0,4787.000000000262,27525.0
75-90%,up,C5C6_high,1500,551,0.279491833030853,0.0,4787.000000000262,27525.0
75-90%,up,C5C6_high,2000,551,0.27404718693284935,0.0,4787.000000000262,27525.0
75-90%,down,C5C6_low,50,551,0.37568058076225047,0.0,11210.000000000218,36722.00000000012
75-90%,down,C5C6_low,100,551,0.37568058076225047,0.0,11210.000000000218,36722.00000000012
75-90%,down,C5C6_low,250,551,0.3738656987295826,0.0,11210.000000000218,36722.00000000012
75-90%,down,C5C6_low,500,551,0.3684210526315789,0.0,11210.000000000218,36722.00000000012
75-90%,down,C5C6_low,750,551,0.3666061705989111,0.0,11210.000000000218,36722.00000000012
75-90%,down,C5C6_low,800,551,0.3666061705989111,0.0,11210.000000000218,36722.00000000012
75-90%,down,C5C6_low,1000,551,0.36116152450090744,0.0,11210.000000000218,36722.00000000012
75-90%,down,C5C6_low,1500,551,0.35571687840290384,0.0,11210.000000000218,36722.00000000012
75-90%,down,C5C6_low,2000,551,0.3502722323049002,0.0,11210.000000000218,36722.00000000012
90-100%,up,C5C6_high,50,329,0.2553191489361702,0.0,1813.0000000004657,30788.199999999477
90-100%,up,C5C6_high,100,329,0.2553191489361702,0.0,1813.0000000004657,30788.199999999477
90-100%,up,C5C6_high,250,329,0.2553191489361702,0.0,1813.0000000004657,30788.199999999477
90-100%,up,C5C6_high,500,329,0.25227963525835867,0.0,1813.0000000004657,30788.199999999477
90-100%,up,C5C6_high,750,329,0.25227963525835867,0.0,1813.0000000004657,30788.199999999477
90-100%,up,C5C6_high,800,329,0.25227963525835867,0.0,1813.0000000004657,30788.199999999477
90-100%,up,C5C6_high,1000,329,0.25227963525835867,0.0,1813.0000000004657,30788.199999999477
90-100%,up,C5C6_high,1500,329,0.25227963525835867,0.0,1813.0000000004657,30788.199999999477
90-100%,up,C5C6_high,2000,329,0.24620060790273557,0.0,1813.0000000004657,30788.199999999477
90-100%,down,C5C6_low,50,329,0.3677811550151976,0.0,11168.00000000003,42408.199999999466
90-100%,down,C5C6_low,100,329,0.3677811550151976,0.0,11168.00000000003,42408.199999999466
90-100%,down,C5C6_low,250,329,0.3677811550151976,0.0,11168.00000000003,42408.199999999466
90-100%,down,C5C6_low,500,329,0.3586626139817629,0.0,11168.00000000003,42408.199999999466
90-100%,down,C5C6_low,750,329,0.3495440729483283,0.0,11168.00000000003,42408.199999999466
90-100%,down,C5C6_low,800,329,0.3495440729483283,0.0,11168.00000000003,42408.199999999466
90-100%,down,C5C6_low,1000,329,0.3465045592705167,0.0,11168.00000000003,42408.199999999466
90-100%,down,C5C6_low,1500,329,0.3465045592705167,0.0,11168.00000000003,42408.199999999466
90-100%,down,C5C6_low,2000,329,0.3465045592705167,0.0,11168.00000000003,42408.199999999466
