pattern,target,n,baseline,conditional,edge,abs_edge
close_near_low,future_break_down,680,0.4087218045112782,0.7617647058823529,0.3530429013710747,0.3530429013710747
close_near_high,future_break_up,709,0.4,0.7306064880112835,0.33060648801128345,0.33060648801128345
close_near_low,future_break_up,680,0.4,0.11029411764705882,-0.2897058823529412,0.2897058823529412
all_bullish,future_break_down,132,0.4087218045112782,0.14393939393939395,-0.26478241057188423,0.26478241057188423
all_bearish,future_break_up,160,0.4,0.1375,-0.2625,0.2625
H4_bullish_engulf,future_break_up,185,0.4,0.6594594594594595,0.2594594594594595,0.2594594594594595
negative_directional_imbalance,future_break_up,166,0.4,0.14457831325301204,-0.25542168674698795,0.25542168674698795
positive_directional_imbalance,future_break_down,147,0.4087218045112782,0.1564625850340136,-0.2522592194772646,0.2522592194772646
H4_bearish_engulf,future_break_down,215,0.4087218045112782,0.6604651162790698,0.2517433117677916,0.2517433117677916
close_near_high,future_break_down,709,0.4087218045112782,0.1763046544428773,-0.2324171500684009,0.2324171500684009
all_bullish,future_break_up,132,0.4,0.6136363636363636,0.21363636363636362,0.21363636363636362
positive_directional_imbalance,future_break_up,147,0.4,0.6122448979591837,0.21224489795918366,0.21224489795918366
negative_directional_imbalance,future_break_down,166,0.4087218045112782,0.6204819277108434,0.21176012319956522,0.21176012319956522
last2_bullish,future_break_down,723,0.4087218045112782,0.19778699861687413,-0.21093480589440408,0.21093480589440408
all_bearish,future_break_down,160,0.4087218045112782,0.61875,0.2100281954887218,0.2100281954887218
H4_bearish_engulf,future_break_up,215,0.4,0.19534883720930232,-0.2046511627906977,0.2046511627906977
last2_bearish,future_break_up,813,0.4,0.1992619926199262,-0.20073800738007383,0.20073800738007383
last2_bullish,future_break_up,723,0.4,0.6002766251728907,0.2002766251728907,0.2002766251728907
last2_bearish,future_break_down,813,0.4087218045112782,0.6027060270602707,0.19398422254899245,0.19398422254899245
H4_bullish_engulf,future_break_down,185,0.4087218045112782,0.22702702702702704,-0.18169477748425117,0.18169477748425117
all_bearish,C5_direction,160,0.4830075187969925,0.63125,0.14824248120300748,0.14824248120300748
negative_directional_imbalance,C5_direction,166,0.4830075187969925,0.6204819277108434,0.13747440891385093,0.13747440891385093
C4_break_C3_high,future_break_up,1541,0.4,0.5321219987021415,0.13212199870214147,0.13212199870214147
C4_break_C3_low,future_break_down,1524,0.4087218045112782,0.5354330708661418,0.12671126635486357,0.12671126635486357
positive_directional_imbalance,C6_direction,147,0.48330827067669174,0.3673469387755102,-0.11596133190118152,0.11596133190118152
all_bullish,C6_direction,132,0.48330827067669174,0.3712121212121212,-0.11209614946457053,0.11209614946457053
C4_break_C3_high,future_break_down,1541,0.4087218045112782,0.30953926022063594,-0.09918254429064227,0.09918254429064227
C4_break_C3_low,future_break_up,1524,0.4,0.3038057742782152,-0.09619422572178482,0.09619422572178482
positive_directional_imbalance,C5_direction,147,0.4830075187969925,0.3877551020408163,-0.09525241675617618,0.09525241675617618
high_contraction,future_break_down,882,0.4087218045112782,0.3321995464852608,-0.07652225802601742,0.07652225802601742
all_bullish,C5_direction,132,0.4830075187969925,0.4090909090909091,-0.07391660970608338,0.07391660970608338
H4_bearish_engulf,C7_direction,215,0.48330827067669174,0.5488372093023256,0.06552893862563386,0.06552893862563386
close_near_high,C5_direction,709,0.4830075187969925,0.41748942172073344,-0.06551809707625905,0.06551809707625905
H4_bearish_engulf,C6_direction,215,0.48330827067669174,0.5441860465116279,0.0608777758349362,0.0608777758349362
close_near_low,C5_direction,680,0.4830075187969925,0.5411764705882353,0.05816895179124276,0.05816895179124276
close_near_high,C6_direction,709,0.48330827067669174,0.4301833568406206,-0.05312491383607115,0.05312491383607115
C4_inside_C3,future_break_up,652,0.4,0.348159509202454,-0.051840490797546046,0.051840490797546046
last2_bearish,C5_direction,813,0.4830075187969925,0.5325953259532595,0.04958780715626704,0.04958780715626704
high_contraction,future_break_up,882,0.4,0.3526077097505669,-0.047392290249433144,0.047392290249433144
H4_inside,future_break_down,693,0.4087218045112782,0.36363636363636365,-0.04508544087491456,0.04508544087491456
strong_expansion,C5_direction,707,0.4830075187969925,0.5261669024045261,0.04315938360753363,0.04315938360753363
last2_bullish,C5_direction,723,0.4830075187969925,0.4426002766251729,-0.040407242171819624,0.040407242171819624
last2_bearish,C6_direction,813,0.48330827067669174,0.5190651906519065,0.03575691997521474,0.03575691997521474
all_bearish,C7_direction,160,0.48330827067669174,0.51875,0.0354417293233083,0.0354417293233083
negative_directional_imbalance,C7_direction,166,0.48330827067669174,0.5180722891566265,0.034764018479934766,0.034764018479934766
last2_bullish,C6_direction,723,0.48330827067669174,0.44951590594744123,-0.03379236472925051,0.03379236472925051
C4_break_C3_high,C6_direction,1541,0.48330827067669174,0.45035691109669046,-0.03295135958000128,0.03295135958000128
strong_expansion,future_break_up,707,0.4,0.4328147100424328,0.032814710042432804,0.032814710042432804
C4_break_C3_low,C6_direction,1524,0.48330827067669174,0.515748031496063,0.03243976081937122,0.03243976081937122
last2_bearish,C7_direction,813,0.48330827067669174,0.5141451414514145,0.030836870774722802,0.030836870774722802
C4_break_C3_low,C5_direction,1524,0.4830075187969925,0.5098425196850394,0.026835000888046856,0.026835000888046856
C4_inside_C3,future_break_down,652,0.4087218045112782,0.38190184049079756,-0.026819964020480647,0.026819964020480647
H4_bullish_engulf,C7_direction,185,0.48330827067669174,0.5081081081081081,0.024799837431416394,0.024799837431416394
close_near_low,C6_direction,680,0.48330827067669174,0.5073529411764706,0.02404467049977882,0.02404467049977882
H4_inside,future_break_up,693,0.4,0.37662337662337664,-0.023376623376623384,0.023376623376623384
high_contraction,C6_direction,882,0.48330827067669174,0.4603174603174603,-0.02299081035923145,0.02299081035923145
C4_break_C3_low,C7_direction,1524,0.48330827067669174,0.5032808398950132,0.019972569218321412,0.019972569218321412
high_contraction,C5_direction,882,0.4830075187969925,0.4671201814058957,-0.015887337391096823,0.015887337391096823
strong_expansion,future_break_down,707,0.4087218045112782,0.4243281471004243,0.015606342589146116,0.015606342589146116
C4_break_C3_high,C5_direction,1541,0.4830075187969925,0.46852693056456846,-0.014480588232424041,0.014480588232424041
all_bullish,C7_direction,132,0.48330827067669174,0.4696969696969697,-0.013611300979722019,0.013611300979722019
H4_inside,C5_direction,693,0.4830075187969925,0.4704184704184704,-0.012589048378522094,0.012589048378522094
close_near_high,C7_direction,709,0.48330827067669174,0.4710860366713681,-0.012222234005323629,0.012222234005323629
all_bearish,C6_direction,160,0.48330827067669174,0.49375,0.01044172932330828,0.01044172932330828
strong_expansion,C7_direction,707,0.48330827067669174,0.49363507779349364,0.010326807116801895,0.010326807116801895
H4_bearish_engulf,C5_direction,215,0.4830075187969925,0.4930232558139535,0.010015737016961013,0.010015737016961013
C4_inside_C3,C5_direction,652,0.4830075187969925,0.47392638036809814,-0.009081138428894353,0.009081138428894353
H4_bullish_engulf,C5_direction,185,0.4830075187969925,0.4918918918918919,0.008884373094899423,0.008884373094899423
close_near_low,C7_direction,680,0.48330827067669174,0.49117647058823527,0.007868199911543527,0.007868199911543527
C4_inside_C3,C6_direction,652,0.48330827067669174,0.4754601226993865,-0.007848147977305264,0.007848147977305264
C4_inside_C3,C7_direction,652,0.48330827067669174,0.4754601226993865,-0.007848147977305264,0.007848147977305264
H4_inside,C7_direction,693,0.48330827067669174,0.4906204906204906,0.007312219943798881,0.007312219943798881
C4_break_C3_high,C7_direction,1541,0.48330827067669174,0.47696301103179756,-0.006345259644894186,0.006345259644894186
H4_inside,C6_direction,693,0.48330827067669174,0.47763347763347763,-0.00567479304321411,0.00567479304321411
last2_bullish,C7_direction,723,0.48330827067669174,0.4785615491009682,-0.004746721575723534,0.004746721575723534
negative_directional_imbalance,C6_direction,166,0.48330827067669174,0.4879518072289157,0.004643536552223937,0.004643536552223937
high_contraction,C7_direction,882,0.48330827067669174,0.48639455782312924,0.003086287146437494,0.003086287146437494
H4_bullish_engulf,C6_direction,185,0.48330827067669174,0.4810810810810811,-0.0022271895956106347,0.0022271895956106347
strong_expansion,C6_direction,707,0.48330827067669174,0.48514851485148514,0.0018402441747933929,0.0018402441747933929
positive_directional_imbalance,C7_direction,147,0.48330827067669174,0.48299319727891155,-0.0003150733977801967,0.0003150733977801967
