actual,prediction,probability,split
0,0,0.45449910699766627,1
1,0,0.467046487462577,1
0,1,0.5697288882000962,1
0,1,0.5843087222643775,1
0,1,0.5017796636261671,1
0,1,0.5418000994489532,1
1,1,0.6419087126152953,1
0,1,0.6234509841521159,1
0,0,0.42592697389413575,1
0,1,0.5250069433681989,1
0,1,0.5867258312362691,1
0,1,0.546047665444613,1
0,1,0.6341229648488593,1
1,1,0.5269146666529422,1
1,1,0.5814506697577307,1
1,1,0.5817163498963986,1
0,0,0.4006252299205571,1
0,0,0.42402551454968324,1
0,0,0.49912127609113,1
0,1,0.5560395104022707,1
1,1,0.5558363689656126,1
0,1,0.5616566768327478,1
1,0,0.47712818681524377,1
0,1,0.5780422609822684,1
0,1,0.5440372613653296,1
1,0,0.43874644331245205,1
0,1,0.5099214599838157,1
1,0,0.4959401939246292,1
0,0,0.42700409232659836,1
1,1,0.5050824694633682,1
0,0,0.46381423549108974,1
0,0,0.46655935254893754,1
0,0,0.4304895606978532,1
1,1,0.5305055656236355,1
1,1,0.5581695042490928,1
0,1,0.5847834354772529,1
1,0,0.3986230112990372,1
1,0,0.4779655260812153,1
0,1,0.5569981158893877,1
0,0,0.47467027046279425,1
0,0,0.41760796092717334,1
0,0,0.4989816297736082,1
1,1,0.5419407422420016,1
1,1,0.5805918707620876,1
1,1,0.6033863166738427,1
1,0,0.42138152213373603,1
0,0,0.471156521996271,1
0,0,0.47369791719908283,1
1,0,0.4947325506227054,1
0,1,0.5614357256131004,1
1,1,0.5202405711048336,1
1,0,0.42291395330959713,1
0,0,0.45209168487238693,1
0,0,0.4614104006001867,1
0,1,0.5247756862467685,1
0,0,0.49317727755154595,1
0,1,0.5215322966407356,1
1,1,0.5426827856135732,1
0,1,0.6181991836274562,1
1,1,0.5434687842720255,1
0,0,0.4368281243814786,1
0,1,0.5171104686228687,1
0,1,0.5273123713062919,1
1,1,0.5939727883194711,1
0,1,0.6128411251317573,1
0,1,0.5415020937501672,1
1,1,0.5853212912489663,1
1,1,0.6304173801529512,1
0,1,0.5757776496331096,1
0,0,0.43222252520216287,1
0,1,0.5295289208302978,1
1,1,0.5726005285265892,1
1,1,0.6742712205849489,1
1,1,0.5669018131791678,1
0,1,0.5323537915260199,1
1,0,0.44288534672691127,1
1,1,0.5299875532851288,1
0,1,0.539777671545602,1
1,1,0.5162860121861459,1
1,1,0.5410328597454054,1
0,1,0.5068692448708538,1
1,0,0.4639283005394807,1
1,1,0.5757759889113881,1
1,1,0.5204117500209623,1
1,1,0.5095943167688278,1
1,0,0.478485028967768,1
1,1,0.5069340296902471,1
0,0,0.4834969957433058,1
0,1,0.5021678322545253,1
0,0,0.48700160013105853,1
1,1,0.5639281214382728,1
1,1,0.6168906448309102,1
1,1,0.6262787727929446,1
0,0,0.4903736737448828,1
1,0,0.48830794241854014,1
1,1,0.5355131502248047,1
1,1,0.5465507412469076,1
1,0,0.4697642519769023,1
0,1,0.5078466671189801,1
0,0,0.4754342502805324,1
1,0,0.48843747303490803,1
1,1,0.5667102531390187,1
1,1,0.5089187937779349,1
1,0,0.44760897830877616,1
0,0,0.4790751180720166,1
1,0,0.46841197086302494,1
0,0,0.49398358277100374,1
1,1,0.5107507847487711,1
0,0,0.48854386065166006,1
0,1,0.5902281672460465,1
0,0,0.476000771503101,1
1,1,0.5934501848052034,1
1,1,0.6632767325672266,1
0,1,0.5672980506225227,1
0,0,0.4332706563178545,1
1,1,0.5630414947017273,1
0,1,0.5419110418020341,1
0,0,0.470615994796591,1
0,1,0.6068756418086585,1
1,1,0.6355667842813171,1
1,1,0.6135761380702828,1
0,1,0.5148227764621344,1
1,0,0.44909055052764685,1
1,1,0.5894692273522808,1
0,1,0.613941350537626,1
0,1,0.506481293617789,1
1,1,0.5251092041703449,1
0,1,0.5098058402313429,1
1,1,0.5252870622573103,1
1,1,0.5030327497488976,1
1,1,0.5640389956823714,1
1,1,0.534930858265987,1
0,1,0.5013181733852796,1
0,1,0.5268577313464601,1
1,1,0.5375670734922341,1
0,1,0.5089497903669936,1
0,1,0.5831501111903701,1
0,1,0.5578211907487594,1
0,1,0.6293408223118511,1
0,1,0.6915830923344592,1
0,1,0.5674938600125761,1
0,1,0.6419895225420196,1
0,1,0.648464473101692,1
1,1,0.6610734105890672,1
1,1,0.651168031671709,1
0,1,0.5669308249157925,1
1,0,0.45585942205105767,1
0,0,0.48132881281210294,1
0,1,0.5454563066919855,1
1,1,0.5415223710897056,1
0,1,0.6202824500771248,1
0,1,0.5603695932293643,1
0,1,0.5173344434525059,1
1,1,0.5224357432586246,1
0,1,0.6527581655466485,1
0,1,0.5813225684602397,1
1,1,0.5804839864123809,1
1,1,0.6215117836575458,1
0,1,0.5896332056507798,1
0,0,0.48828888360431555,1
1,1,0.5847529076869263,1
1,1,0.5365238345423133,1
0,1,0.5043169916505383,1
1,0,0.46196037582009375,1
1,1,0.5125738245235067,1
1,1,0.5241402010463665,1
0,1,0.5182313008183909,1
1,1,0.5380746897192771,1
1,1,0.5505599191350632,1
1,1,0.5804538799150503,1
0,1,0.5203406912567955,1
0,0,0.46747254682263806,1
1,1,0.5943533197645174,1
0,1,0.5417861074792313,1
0,1,0.5822559673113521,1
1,1,0.5004922885498617,1
0,1,0.5799625937815471,1
0,1,0.5703171145818353,1
0,1,0.5721898497091802,1
1,1,0.6241227099990678,1
0,1,0.6197700090672127,1
1,0,0.4875182704637886,1
1,0,0.47032137081686093,1
0,1,0.5246824565581217,1
1,1,0.5117972464808723,1
0,1,0.5095362806441718,1
0,1,0.5147896698051726,1
0,1,0.6138730815858988,1
0,1,0.6225981783492077,1
0,1,0.6558008438083727,1
1,1,0.6557277022049448,1
0,1,0.62829358224934,1
1,1,0.574672989538757,1
0,1,0.5185778874690335,1
0,1,0.6144570602191343,1
0,1,0.5436340129578683,1
0,1,0.6508760418948282,1
1,1,0.685413622801739,1
0,1,0.5521229227378441,1
0,0,0.4683922355550962,1
0,1,0.616929576942185,1
0,1,0.6328349843247493,1
0,1,0.6426599221644693,1
0,1,0.644741893258066,1
0,1,0.6266530397742592,1
1,1,0.6480782077021636,1
0,1,0.5731044529929283,1
1,0,0.49438213884339244,1
0,0,0.48912920504465857,1
1,1,0.5280020449067893,1
1,1,0.5368529020899508,1
1,1,0.5605276334835364,1
1,1,0.5087408896769116,1
1,0,0.4462856223401325,1
0,1,0.5030685971668352,1
0,1,0.5012959638498777,1
1,1,0.5129974214687629,1
0,1,0.5192403671852589,1
1,1,0.5240984348577004,1
0,1,0.5162953570322647,1
0,1,0.5373307969376362,1
1,1,0.5482977772983932,1
0,1,0.6103917241656364,1
1,1,0.5951419212622713,1
1,1,0.5721859602090941,1
1,0,0.4680208960878438,1
1,0,0.4879892686948224,1
1,1,0.5341042702037399,1
0,1,0.5274923586116355,1
1,1,0.5179539992922385,1
0,1,0.5613530052064618,1
1,1,0.555605347707718,1
1,1,0.5173985761910117,1
1,1,0.5753464144418191,1
1,1,0.5021490709112042,1
1,0,0.4843630060229179,1
0,1,0.526876320691581,1
0,1,0.5194256216661781,1
1,1,0.5299147867640486,1
0,1,0.6293656113932127,1
0,1,0.5624236411347023,1
0,1,0.5961569117858272,1
1,1,0.5952553464907144,1
0,1,0.5505897166051728,1
0,0,0.47263736857748895,1
0,0,0.48269463549257857,1
0,1,0.6092686869945552,1
0,1,0.6513049093747861,1
1,1,0.6593662181357337,1
1,1,0.5615539789924615,1
1,1,0.509926651669712,1
0,0,0.4637363790360834,1
0,1,0.511335010036071,1
1,1,0.5381519258913745,1
0,1,0.5278466924566149,1
0,1,0.6253261268364969,1
0,1,0.6307098613082402,1
1,1,0.5717803916212026,1
0,1,0.6194494559676285,1
1,1,0.5549342296729758,1
1,1,0.6242486142179107,1
1,1,0.6271321214040032,1
0,1,0.5210131077498081,1
0,0,0.47269710641115625,1
1,1,0.5551201675319292,1
1,1,0.6232118668515959,1
0,1,0.5953173154930846,1
0,0,0.47892639099864853,1
0,1,0.5969621482785735,1
0,1,0.6529028746498632,1
1,1,0.6870111183865287,1
1,1,0.5445486954832092,1
0,1,0.569384624139526,1
1,0,0.46151489969013715,1
1,1,0.5522451558887204,1
1,1,0.5547409540419211,1
0,0,0.4899628412850515,1
1,0,0.4769449476982645,1
0,1,0.5736692655434018,1
0,1,0.5306718569484831,1
1,0,0.47901718337070925,1
1,1,0.6179031393745056,1
1,1,0.5455228975459631,1
1,0,0.4805241943846943,1
0,0,0.47035361126829,1
0,1,0.5135349695336745,1
1,1,0.591160722299604,1
1,1,0.6323442334257003,1
1,1,0.6460133437646285,1
1,0,0.4485742170719669,1
1,0,0.4569005977926367,1
0,1,0.5116841821657273,1
1,1,0.5365206708589639,1
1,1,0.5341766267844831,1
1,1,0.5785205602014142,1
1,1,0.5089500760935476,1
1,0,0.47056684998834586,1
1,1,0.5182874912659563,1
0,1,0.5274596046309228,1
0,1,0.5258442939422178,1
0,1,0.524956727840527,1
1,1,0.5256450236519987,1
1,1,0.5174586852860156,1
0,1,0.5205316718065425,1
1,0,0.49147920771566506,1
1,1,0.5834812378427319,1
1,1,0.5671578520296459,1
0,1,0.5015252483608008,1
1,1,0.5171347242467259,1
0,1,0.5488011367263185,1
1,1,0.5444889934397729,1
1,0,0.4808239528534223,1
0,1,0.5099442399486255,1
0,1,0.5244991923363752,1
1,0,0.4846058722698694,1
1,1,0.6153550364078391,1
1,1,0.6029287371288256,1
0,0,0.47491235069337534,1
0,0,0.4935645792623353,1
0,1,0.5688810239052948,1
1,1,0.5383982279937373,1
0,1,0.6273470541186844,1
0,1,0.5825139581511011,1
1,1,0.6293598130014079,1
0,1,0.6053911891076694,1
0,1,0.5155087520461443,1
0,0,0.47315052990770773,1
0,1,0.5155309291753611,1
1,1,0.5936532634094966,1
1,1,0.5703377215267582,1
0,1,0.5766035679590318,1
0,0,0.49401468846871127,1
0,1,0.5328436452612918,1
1,1,0.5517435788695573,1
0,1,0.5758254667795542,1
1,1,0.59227757831639,1
1,0,0.4925241773652086,1
0,0,0.4744954602788155,1
0,1,0.5232116978119812,1
0,1,0.5198761183694556,1
1,1,0.5758775462255273,1
0,1,0.6191727973869776,1
0,1,0.5930987640874,1
1,1,0.610777799569329,1
0,1,0.6537144321209089,1
0,1,0.5795913433474837,1
1,1,0.6212355101425977,1
0,1,0.5551857325373407,1
0,0,0.49336809502263373,1
0,0,0.47159060387658225,1
1,1,0.5845730651772467,1
1,1,0.6100454137360786,1
1,1,0.531134358661424,1
1,0,0.49463098976760705,1
0,0,0.4958790162011091,1
0,1,0.5288642967834921,1
1,1,0.5692516179260282,1
0,1,0.551115707672408,1
0,1,0.5198373487773373,1
1,1,0.5377689768324132,1
1,1,0.6474398258043412,1
1,1,0.5983898837925901,1
1,0,0.46144317509309823,1
0,0,0.45807961590387936,1
1,1,0.5221831742104591,1
0,1,0.5486613509638837,1
0,1,0.5220570503868008,1
0,1,0.5851377993731564,1
1,1,0.6405407059491763,1
0,1,0.6415461352152327,1
1,1,0.5961586524970897,1
0,0,0.48216214331493373,1
1,0,0.471981180489641,1
1,1,0.517697640425884,1
1,1,0.5593022378838687,1
1,1,0.5226919289285931,1
0,0,0.46601131560815623,1
1,1,0.5419349294593677,1
0,1,0.5116127287574268,1
0,1,0.5204581055072647,1
1,1,0.5788553482013818,1
1,1,0.6312167967103753,1
1,1,0.5619777049558337,1
1,0,0.4448328910961464,1
1,1,0.5350785962550816,1
0,0,0.4920684889687215,1
0,1,0.526990105301367,1
1,1,0.5281920577560623,1
0,1,0.5994989837125729,1
1,1,0.5649345493808086,1
0,0,0.4882789500714911,1
1,0,0.48608777346299326,1
1,1,0.5326945745909114,1
0,1,0.5930765465432803,1
1,1,0.522971870887924,1
0,1,0.5621811194628716,1
0,1,0.5418042741264633,1
1,1,0.5739785690087852,1
0,1,0.6267982493621332,1
0,1,0.662419695240291,1
1,1,0.5130387495207623,1
1,1,0.5476919823367444,1
1,1,0.5551860204922531,1
0,0,0.49968562574427206,1
1,1,0.5163082631773424,1
0,1,0.589165815045584,1
1,1,0.621419386792005,1
1,1,0.6170835134346969,1
0,1,0.5679034533905183,1
0,0,0.48242333763013273,1
1,0,0.477058431005142,1
1,1,0.5927672505147422,1
1,1,0.6149216740419143,1
1,0,0.4725326925792563,1
0,0,0.45814540044094193,1
1,1,0.502859580764682,1
0,1,0.5371007492290767,1
0,1,0.5503554267336862,1
0,1,0.6015763307292403,1
1,1,0.6583530213856134,1
1,1,0.653789038357436,1
0,1,0.6070384012980923,1
0,1,0.5017986736963358,1
0,1,0.5837524069495905,1
1,1,0.605347114849682,1
1,1,0.6605249575374091,1
0,1,0.5718111584365917,1
0,0,0.46954047097540197,1
1,0,0.47284030662129434,1
1,1,0.6053159331918071,1
1,1,0.5446128339260925,1
0,0,0.4625511117165124,1
1,1,0.5295834444083589,1
1,1,0.5299488116815844,1
0,1,0.5346162659391842,1
0,0,0.4984498477573843,1
1,0,0.473044163467149,1
1,1,0.6032197006179668,1
0,1,0.5306703190667998,1
1,0,0.4525218200252673,1
1,0,0.4753725046997374,1
1,1,0.5192594997689083,1
1,1,0.5044015269495504,1
0,1,0.5300351808538953,1
0,1,0.5105492400154131,1
1,1,0.5296518317153235,1
1,1,0.5484621936686583,1
1,1,0.5689485001195013,1
0,1,0.5320468738813408,1
1,0,0.4840620058397392,1
0,1,0.5557282573118227,1
0,1,0.5800664664741635,1
0,1,0.5004704819806577,1
0,1,0.6221208721193525,1
1,1,0.5989994919608109,1
0,1,0.622268505651228,1
1,1,0.5072772497761231,1
0,0,0.4732369849805501,1
1,0,0.49883516624418767,1
1,1,0.5785345390691505,1
0,1,0.5354514134756259,1
0,1,0.5096512546282712,1
0,1,0.5316856540600144,1
1,1,0.5891114292983375,1
0,1,0.5844716012978046,1
0,1,0.6636693286119336,1
0,1,0.5157155272247654,1
1,1,0.6318429969389296,1
1,1,0.5610751571967532,1
0,1,0.5643613945117152,1
0,1,0.508140605196465,1
0,0,0.4867474887332953,1
0,0,0.46737042913820376,1
0,1,0.5560934640232525,1
1,1,0.6535915838309699,1
1,1,0.5965831235605316,1
0,0,0.4902990210890248,1
1,0,0.4695708140733474,1
1,1,0.5353421138405556,1
1,1,0.5619302130994354,1
1,1,0.5038309825602963,1
1,1,0.5106056256796779,1
0,1,0.5226394035469937,1
0,1,0.5499699867145753,1
0,1,0.5570075943371837,1
0,1,0.5255902659192512,1
1,1,0.6015404931013051,1
1,1,0.6617069969810576,1
1,1,0.6361650336365909,1
0,1,0.5010342196715647,1
0,0,0.4549857423499135,1
1,1,0.6074061858017877,1
1,1,0.549884981642207,1
1,1,0.6139603242263318,1
1,1,0.5134165794708444,1
0,0,0.498836411960094,1
0,1,0.5496171418966656,1
1,1,0.5335890878074487,1
1,1,0.5922057961609415,1
0,1,0.5665495001718694,1
1,0,0.46886409914976485,1
0,1,0.6005210102497915,1
0,1,0.5663160924963617,1
1,0,0.4965847657325155,1
0,1,0.5119698055011268,1
0,1,0.50367277461083,1
0,1,0.5538633339970069,1
0,1,0.6393672519250174,1
1,1,0.6121276970446455,1
0,1,0.6431132425951135,1
1,1,0.6412352417046249,1
0,1,0.5996279002088785,1
1,1,0.5844358679431325,1
1,0,0.4891471398269637,1
1,1,0.5276687571926945,1
0,1,0.5174395053289615,1
1,1,0.5138018505141891,1
1,1,0.5356701487964081,1
0,1,0.5242401590213998,1
1,1,0.5288556010372284,1
1,1,0.6199024413220636,1
1,1,0.5557840118482303,1
0,0,0.48305199266233734,1
1,0,0.46697250632991405,1
1,1,0.5282148513091651,1
0,1,0.5692264808521948,1
1,1,0.5088841333711134,1
0,0,0.47144463023724364,1
0,1,0.5505271853582883,1
0,1,0.55657616793228,1
0,1,0.6415755138585353,1
0,1,0.5764768914840978,1
0,1,0.5656761226561627,1
1,1,0.5564289425554636,1
1,1,0.6053619510550448,1
0,1,0.5803446727613616,1
0,0,0.49523760054147986,1
0,1,0.5430592813542583,1
1,1,0.6286903855105518,1
1,1,0.68607201679512,1
0,1,0.5726137573794458,1
1,0,0.4932659532859466,1
0,1,0.5740117615095152,1
0,1,0.6067472907873899,1
1,1,0.545273585537926,1
0,1,0.6205871489939614,1
0,1,0.5752771555827855,1
0,0,0.4665654301907262,1
0,1,0.6128844628825589,1
0,1,0.6222048441995055,1
1,1,0.645964970109184,1
1,1,0.6612517849803327,1
0,1,0.5553673568491759,1
1,0,0.49754029666783756,1
0,1,0.5113299212985222,2
0,1,0.5041597863641519,2
0,0,0.4995165756106247,2
1,1,0.5305432633100204,2
1,1,0.5906991643859416,2
0,0,0.4828067385805586,2
1,0,0.46931650441107314,2
0,1,0.5338268707737243,2
0,1,0.5744962148759418,2
1,1,0.5450211016524096,2
0,1,0.5396022510940314,2
1,1,0.5772918025235821,2
0,1,0.5283607374038484,2
1,1,0.5471449550698931,2
1,1,0.6170553240805607,2
1,1,0.5276038789165303,2
0,0,0.47172921068161805,2
0,0,0.44812348448758044,2
0,1,0.5100083544420756,2
0,1,0.600621938158032,2
1,1,0.5832199064259306,2
0,1,0.6037050893133291,2
0,1,0.5032694547838102,2
1,1,0.5258191579570619,2
1,1,0.5861617126147826,2
1,1,0.6055849246860837,2
0,1,0.5248902289443403,2
1,1,0.5057569749517432,2
0,1,0.5389447842784233,2
1,0,0.48946504042279865,2
1,1,0.5214470581604118,2
0,0,0.46131198650090544,2
1,0,0.49389788097309795,2
0,1,0.5440497854716987,2
0,0,0.48316129250710277,2
1,1,0.5203289784838538,2
1,1,0.5410465386227353,2
1,0,0.46601983515680856,2
1,1,0.5041991615841417,2
1,0,0.47718284754980256,2
0,0,0.4095440408244931,2
0,0,0.41133773341731056,2
1,0,0.4654418454461495,2
0,0,0.4825786122854231,2
0,0,0.4536076380628116,2
0,0,0.4443090982393634,2
1,0,0.45728548872394886,2
1,0,0.4937688190553257,2
0,0,0.45860309542101185,2
0,0,0.4308653874257334,2
1,0,0.4753797480943772,2
0,1,0.5193831950559951,2
0,0,0.4770186986520696,2
1,0,0.46051826739877016,2
0,1,0.5373720400158385,2
1,0,0.4824502423869133,2
0,0,0.4954080108144766,2
1,0,0.4538112148125029,2
0,0,0.46213778733330435,2
0,0,0.4496640109743031,2
0,0,0.48049814473626923,2
0,0,0.4621212320532315,2
1,1,0.5024139047528784,2
1,1,0.5107825206199262,2
1,0,0.44031258931605366,2
0,0,0.4471207262564607,2
1,0,0.45096470527330285,2
0,0,0.4653562549501121,2
1,0,0.4752840938631779,2
0,0,0.46412918356321475,2
1,0,0.41786704907833927,2
1,0,0.4405497788582061,2
0,0,0.4073788532520236,2
1,0,0.4015320129421935,2
1,0,0.4477540146125489,2
1,0,0.43118062163033033,2
1,0,0.41983165818466334,2
1,0,0.38255096940053873,2
0,0,0.386056875916593,2
0,0,0.3860133757533247,2
1,0,0.46197350054753406,2
0,1,0.5229157093044722,2
0,0,0.47373615565029537,2
0,0,0.43966542774946765,2
1,0,0.45936286129473836,2
0,0,0.44572147460189027,2
0,0,0.39216212125883926,2
0,0,0.42304561060644064,2
1,0,0.4284159505410586,2
1,0,0.4597379972601143,2
0,0,0.4109690735114552,2
0,0,0.4241915322097964,2
1,0,0.4630802046930729,2
0,0,0.47073897445416557,2
1,0,0.4424061185747962,2
0,0,0.4370653071387291,2
1,0,0.45071108769751417,2
1,0,0.44360700050956625,2
0,0,0.44094374978096923,2
1,0,0.4593147050043658,2
1,0,0.420616460805386,2
0,0,0.43368014916807374,2
0,0,0.4445918005455393,2
1,0,0.4628086342146947,2
0,0,0.4507727898049462,2
1,0,0.3879389820003298,2
1,0,0.40636514922924283,2
0,0,0.40933418283433304,2
1,0,0.4396948970679028,2
1,0,0.4318297943399773,2
0,0,0.43615068612761015,2
0,0,0.4240084320662429,2
1,0,0.42561696759613654,2
1,0,0.4783500661570673,2
0,0,0.4351827597425957,2
1,0,0.40562375886586494,2
1,0,0.4421752617668968,2
1,0,0.4474180065049741,2
1,0,0.4421665601358397,2
1,0,0.41801703048570454,2
0,0,0.39416027315501495,2
0,0,0.43307788908302813,2
1,0,0.45871365608290154,2
0,0,0.4979715878349706,2
1,0,0.44562436586710547,2
0,0,0.4780890928942756,2
1,0,0.42576983626367704,2
1,0,0.47932104627123207,2
0,0,0.45832096131696254,2
1,0,0.41718950546656136,2
0,0,0.4431425261231298,2
1,0,0.43042627520680354,2
1,0,0.48259436700715524,2
0,0,0.45781801062895594,2
0,0,0.42583459171953114,2
1,0,0.4471941924366834,2
0,0,0.44279348193797935,2
0,0,0.44910243410349715,2
0,0,0.4431289698693797,2
1,1,0.5086888741511516,2
0,1,0.521839479618966,2
1,0,0.42085007407062364,2
1,0,0.46886377137646595,2
0,0,0.4058191933152643,2
1,0,0.42425252932648855,2
0,0,0.432359424251224,2
0,0,0.42983308921949087,2
1,0,0.445686666873158,2
0,0,0.46156434086355946,2
1,0,0.45769517238721447,2
0,0,0.44354541501164557,2
1,0,0.44050710454751957,2
1,0,0.4976653004032528,2
1,0,0.4567968544242174,2
0,0,0.41086186061566116,2
1,0,0.4410872128603848,2
1,0,0.49067832548996376,2
0,0,0.43318625634652586,2
1,0,0.43299349453686126,2
0,0,0.46395553040679904,2
0,0,0.4348728606792451,2
0,0,0.4713080062956351,2
1,0,0.4198338391497053,2
0,0,0.4563901516702436,2
1,0,0.492306775508197,2
1,0,0.4779815762436667,2
0,0,0.416114678803191,2
0,0,0.4224429722203685,2
1,0,0.4451705611737601,2
0,0,0.44805022258399513,2
1,0,0.42499429213401113,2
0,0,0.44260909943096216,2
0,0,0.459658387548102,2
0,0,0.4698025759725444,2
0,0,0.43621987103093296,2
0,0,0.4126603703904823,2
1,0,0.4763641700866573,2
0,0,0.4573970988158383,2
0,0,0.44734690939958105,2
1,0,0.4295267519463363,2
1,0,0.46211655945278823,2
0,1,0.5353265433029503,2
0,0,0.44262847840972186,2
0,0,0.4923275515788912,2
0,1,0.5191427716403089,2
1,1,0.5643068977391209,2
1,1,0.5383251643633549,2
0,0,0.4797599130801544,2
0,0,0.4806261356100341,2
0,1,0.5011780318123003,2
1,1,0.5462158632381333,2
0,1,0.572678120951315,2
1,1,0.5281610475247733,2
1,0,0.49337842715817565,2
0,1,0.5064358712872825,2
0,0,0.4546374987092777,2
1,0,0.49493583465902624,2
1,1,0.5558071759212412,2
0,0,0.4781306922267393,2
1,0,0.4522785214641774,2
0,0,0.47893868283345237,2
1,0,0.494016694826812,2
1,0,0.48750131238961913,2
0,0,0.4438310764457589,2
1,0,0.4556440415559426,2
0,0,0.4422142574310613,2
1,0,0.4569883197057971,2
0,0,0.48053776891938943,2
0,0,0.4063567653279743,2
0,0,0.42554813788157797,2
0,0,0.4382010695274075,2
0,0,0.4564041159196943,2
1,1,0.5173097652617906,2
1,0,0.4946767093735685,2
1,0,0.4600302395570937,2
0,0,0.4224368235172799,2
1,0,0.43185548143469243,2
1,0,0.47435777039030425,2
0,0,0.43152127516868866,2
1,0,0.42051206851973627,2
1,0,0.4444862975559775,2
0,0,0.41248019044214984,2
0,0,0.4659258369831679,2
0,0,0.4185728670920206,2
1,0,0.47661470555229535,2
1,0,0.4594542561638566,2
1,0,0.41718740313501046,2
0,0,0.4290417458382765,2
0,0,0.43647381668006063,2
0,0,0.45466236103345464,2
1,0,0.4723321969719923,2
0,0,0.4865853692482369,2
0,0,0.4994907463805458,2
1,0,0.4740706239507391,2
0,0,0.4683383606578545,2
0,0,0.45796114978088154,2
1,1,0.5091576293176583,2
1,1,0.5155426576947381,2
0,1,0.5379411852931837,2
1,0,0.46769273430315195,2
0,0,0.4885605681733464,2
0,0,0.46226416550447863,2
0,0,0.4990716847506224,2
0,0,0.4970865090573241,2
0,1,0.5065722530063068,2
0,0,0.4885101087247518,2
0,1,0.5764719162368873,2
0,1,0.6258443576599793,2
1,1,0.597610090567264,2
0,1,0.5717884974253572,2
1,1,0.5378577410293924,2
0,1,0.5503589601222041,2
0,1,0.5229481154998146,2
1,1,0.5337837829063219,2
1,1,0.6097508839758007,2
0,1,0.53487685749213,2
1,1,0.5294414819194588,2
1,1,0.5256061654826945,2
1,1,0.6019673361474865,2
0,1,0.5468449611077222,2
0,1,0.5032319328189646,2
0,1,0.5352326923117324,2
0,1,0.5577757208532177,2
1,1,0.5774717930000999,2
1,1,0.5984396625207115,2
0,1,0.5705457025140438,2
0,1,0.5183198865744343,2
0,1,0.5372635345362262,2
1,1,0.5927238695855488,2
0,1,0.5989644526412831,2
0,1,0.5098136488975896,2
0,1,0.5343709786906615,2
1,1,0.6157935024272352,2
1,1,0.6135198108524806,2
0,1,0.5333420839967539,2
1,1,0.5132617676001372,2
1,1,0.5740494318601091,2
1,1,0.5437058338227118,2
0,1,0.5142012195927181,2
0,1,0.5081052044666934,2
1,1,0.5260702879007861,2
0,1,0.5431085859183445,2
1,1,0.5021541077054664,2
0,1,0.5223834094279376,2
0,1,0.5178217689355745,2
1,1,0.6060230976746377,2
0,1,0.615944667619475,2
1,1,0.5141883911818055,2
0,1,0.5409045491254454,2
0,1,0.5035925851268708,2
0,1,0.5450066869748776,2
0,1,0.5743997157452805,2
1,1,0.6104508943349533,2
1,1,0.5904440062737645,2
0,1,0.5835757583543171,2
1,1,0.5260327816023296,2
1,1,0.5381259510219633,2
1,1,0.5276643544719255,2
0,1,0.5450284047314791,2
0,0,0.4921474146057036,2
1,1,0.5285587243744299,2
1,1,0.5758622926059344,2
1,1,0.531806061937509,2
0,0,0.45955840496383454,2
1,0,0.48335645774662483,2
0,0,0.4981564726146581,2
1,1,0.5309785003110544,2
0,1,0.54905877902797,2
0,0,0.46928797232191755,2
1,0,0.49481367998365045,2
0,1,0.5230979564254501,2
0,1,0.5130423450450692,2
0,1,0.5007503567050466,2
1,1,0.5436423519181354,2
1,1,0.5876650642175576,2
0,1,0.5858414658835593,2
0,1,0.5167091240067261,2
0,1,0.5370804682128578,2
1,1,0.5976243975516501,2
0,1,0.5876577289820808,2
1,1,0.5232782015723695,2
1,1,0.5324001703502209,2
0,1,0.512236508706584,2
0,1,0.5409049192241167,2
1,1,0.5568264050383209,2
0,1,0.5858850679028503,2
1,1,0.6151309232922213,2
0,1,0.5389471645407986,2
1,0,0.4940484044902563,2
0,1,0.5498097709835609,2
1,1,0.542105162604384,2
1,1,0.5604327577462926,2
1,1,0.5778429005509543,2
1,1,0.524108697977077,2
1,1,0.5388304644621335,2
0,0,0.4956813510466683,2
1,1,0.5306790483067014,2
1,1,0.5338164117413402,2
1,1,0.5454813942538448,2
0,1,0.5398561622265365,2
1,1,0.5025407092944413,2
1,1,0.5355048071628163,2
1,1,0.5064890140269582,2
0,0,0.4902619728328155,2
0,0,0.4999090322976776,2
1,1,0.5119062602542077,2
0,1,0.5432323780572123,2
0,1,0.5153372810033126,2
1,1,0.5325500870283729,2
0,1,0.581389485215984,2
0,1,0.5947721380865709,2
1,1,0.5702318125092899,2
0,1,0.5917957179400678,2
0,1,0.5344570584722629,2
1,1,0.509509109090904,2
0,1,0.5753937548609779,2
0,1,0.5350284389076345,2
1,1,0.5287264673157683,2
1,1,0.5616189729790052,2
0,0,0.4712251479121054,2
1,0,0.47264625878150746,2
1,1,0.5151571954011256,2
0,1,0.5040873248905178,2
1,1,0.5030775531611704,2
0,1,0.5139102255317066,2
0,0,0.4917730458775631,2
1,0,0.46792241403808355,2
0,0,0.4990304216654915,2
1,0,0.45027785247673185,2
0,0,0.481800369643547,2
0,0,0.48887101345836187,2
0,1,0.5091784534953208,2
1,0,0.4912964689646506,2
0,1,0.5318975602104009,2
0,0,0.48670041189950913,2
1,1,0.5014321305897395,2
0,0,0.4993694967214962,2
0,0,0.4660065580452652,2
0,1,0.5377501597673273,2
1,1,0.5258849072298504,2
1,1,0.54216339069982,2
1,0,0.46153785464359876,2
1,0,0.42338329829570787,2
0,0,0.4416729792620454,2
0,0,0.41566999408834593,2
1,0,0.49714325764639683,2
0,0,0.4766388229757375,2
0,0,0.43499599190092375,2
0,0,0.433339943825477,2
0,0,0.4279966838020466,2
0,0,0.4381002428524468,2
1,0,0.4848961800758408,2
0,0,0.4591657419955641,2
1,0,0.429218825196647,2
0,0,0.4399408205450462,2
0,0,0.4029921182088369,2
0,0,0.4691499541646729,2
0,0,0.434296852612894,2
0,0,0.4285593265234953,2
1,0,0.42056400870647354,2
0,0,0.42800698517811087,2
0,0,0.41035200585683174,2
1,0,0.419311065860715,2
0,0,0.45266192205835787,2
0,0,0.4280078891620544,2
1,0,0.40919101974063943,2
0,0,0.42010565698449504,2
1,0,0.41594943644984383,2
0,0,0.4771505113300418,2
1,0,0.4167441531880333,2
0,0,0.435026740487753,2
1,0,0.4336186264941144,2
1,0,0.47861985906636406,2
1,0,0.43822184682041704,2
1,0,0.41901495650240955,2
1,0,0.406658384643271,2
1,0,0.430044173011947,2
0,0,0.393977632458308,2
0,0,0.417692476141572,2
1,0,0.45469553218843983,2
0,0,0.45066752398658594,2
0,0,0.43658933498237973,2
0,0,0.4474506931722468,2
1,0,0.4574053636634141,2
1,0,0.4767799406300407,2
0,0,0.4212069029121671,2
1,0,0.39327458196276455,2
1,0,0.4820074036741524,2
1,0,0.4218227776183282,2
0,0,0.39961720538046364,2
0,0,0.397678387499699,2
0,0,0.4466991710170945,2
0,0,0.46457009680663974,2
1,0,0.4659336038699923,2
0,0,0.48720057406613565,2
0,0,0.42807606504539736,2
0,0,0.43097475011003333,2
0,1,0.5025691477477708,2
0,0,0.46840389218108264,2
1,0,0.48779577896136933,2
0,0,0.47207623357410794,2
1,0,0.4111574919781815,2
0,0,0.4092132825101158,2
1,0,0.40363962580281876,2
0,0,0.47287269477231525,2
0,0,0.4350928159073835,2
0,0,0.43435346054566265,2
0,0,0.4379549886820417,2
1,0,0.47356457696124843,2
1,0,0.45442295420897216,2
1,0,0.40583545075240623,2
1,0,0.40306170619240317,2
1,0,0.4430919138762408,2
0,0,0.41956205585715595,2
1,0,0.39354607460011193,2
0,0,0.45898517194887156,2
1,0,0.45538246547830347,2
0,0,0.4544831170898327,2
1,0,0.41836458868748105,2
0,0,0.46865903302216283,2
0,0,0.4097278973866634,2
1,0,0.44617583514323755,2
0,0,0.4431534160052466,2
0,0,0.4433433660827966,2
0,0,0.446208107204943,2
0,0,0.4471653334327246,2
0,0,0.4763395333614747,2
1,0,0.43955554937232094,2
0,0,0.4362217464426375,2
0,0,0.38293965778919253,2
0,0,0.4106037784020398,2
1,0,0.45299841128010454,2
1,0,0.4737415158016527,2
0,0,0.4206470740730087,2
0,0,0.4080786178556792,2
1,0,0.44866408074684583,2
1,0,0.4621856256513521,2
0,0,0.4241887011972221,2
0,0,0.39992368696193886,2
0,0,0.46200083590670943,2
1,0,0.4730496368916426,2
1,0,0.426722837908621,2
0,0,0.4296362500573001,2
0,0,0.4379942265622234,2
0,0,0.49238399069081695,2
0,0,0.4789653679092979,2
1,0,0.4852193139873734,2
0,0,0.4744134704963362,2
1,0,0.42004325388912567,2
0,0,0.4250275816050074,2
1,0,0.416566394238892,2
0,0,0.46208910434591616,2
0,0,0.41325885108234606,2
0,0,0.48830587149562,2
1,0,0.452289052195276,2
1,0,0.445415157480177,2
0,0,0.3916918387410323,2
1,0,0.42378245164206246,2
1,0,0.46628259437561587,2
0,0,0.4595275419731745,2
0,0,0.46190389170712637,2
0,0,0.48191875055704103,2
0,0,0.45682525995985834,2
1,0,0.44517649346540394,2
0,1,0.504515749649974,2
1,0,0.41979542754452387,2
0,1,0.511744663613851,2
0,0,0.4459035773777582,2
0,0,0.47344280812091677,2
1,0,0.4589462959890193,2
1,0,0.4978462451198739,2
0,0,0.42740879917150193,2
0,0,0.4290417881839832,2
1,0,0.4657040110323482,2
1,0,0.495866337616539,2
0,0,0.41748707041367183,2
0,0,0.42588819287247504,2
1,0,0.45446364299197056,2
0,0,0.45166097318679577,2
0,0,0.46169064551086886,2
1,0,0.4694465944802149,2
1,0,0.443430899851203,2
1,0,0.4134027132672015,2
0,0,0.42824871371998263,2
1,0,0.44942281827315944,2
0,0,0.4872619481913376,2
0,0,0.4833971688475222,2
1,1,0.5059019269578946,2
0,0,0.4739948440576778,2
0,0,0.42018717261544064,2
1,0,0.4272476431977958,2
1,0,0.4443313219435076,2
0,0,0.46948957201880404,2
1,0,0.42664711889591767,2
1,0,0.4502697053249422,2
1,0,0.46181314680648095,2
1,0,0.41270975094179946,2
0,0,0.41896473888376656,2
0,0,0.4164287475809268,2
0,0,0.4405048838338738,2
0,0,0.4487407877200568,2
1,0,0.4704682258872944,2
1,0,0.495402857981719,2
1,0,0.4474778457784516,2
1,0,0.42234090392310947,2
0,0,0.45083142649715086,2
0,0,0.4328861279230019,2
0,0,0.47992376807772563,2
0,0,0.47763518932132354,2
1,0,0.4713425441947417,2
1,0,0.47269006703642624,2
0,0,0.4391832669047253,2
1,0,0.4488450876570696,2
1,0,0.4332084279008739,2
1,0,0.46390953450336814,3
0,0,0.45987577464648766,3
1,1,0.5185332866071223,3
1,0,0.4589027491202958,3
1,0,0.4274930006601526,3
0,0,0.4763765142320896,3
0,0,0.4833326277469424,3
0,0,0.493131298697301,3
0,0,0.42036187461718577,3
1,1,0.5360721868633879,3
0,1,0.5673337770690119,3
1,0,0.49608995895298896,3
0,1,0.5200205579794814,3
0,0,0.4644728076864116,3
1,0,0.39850850775298624,3
0,1,0.5275554804380225,3
1,0,0.4770711350170369,3
0,0,0.435115985164331,3
0,0,0.40877498316163874,3
1,0,0.4737939882625579,3
1,0,0.4474141169980037,3
1,0,0.43575855259190804,3
0,0,0.41197082202667884,3
1,0,0.4792857110437896,3
0,1,0.5102154991873955,3
0,0,0.4624445720814886,3
1,0,0.4727753687238814,3
0,1,0.515918708208708,3
0,0,0.4225792050182429,3
0,0,0.4224689459839361,3
0,0,0.45047056757546594,3
1,0,0.46784357835753604,3
0,1,0.5060067902027608,3
1,0,0.4152746238059283,3
1,1,0.5481848351471573,3
0,0,0.4627070974958961,3
0,0,0.43465915106738606,3
1,1,0.5361750958953582,3
0,0,0.4379964572694695,3
1,0,0.4396751622626854,3
0,0,0.4411295813938153,3
0,0,0.45173281780685637,3
1,1,0.5090868701156043,3
1,1,0.56804889556619,3
1,0,0.4334516723848775,3
0,0,0.3763041667475507,3
0,0,0.46380090928919443,3
1,0,0.4946487475157224,3
1,1,0.5036863503017875,3
0,0,0.4493732340878054,3
1,0,0.4595164767727601,3
0,0,0.44910933344876597,3
1,0,0.4629492258347643,3
0,1,0.541015069171173,3
1,0,0.464208956348695,3
1,0,0.443799559298261,3
1,0,0.42070436439739994,3
1,0,0.47774312416739056,3
0,1,0.5012651965005006,3
0,0,0.37892766728416005,3
0,0,0.4687845121017114,3
1,1,0.5227629217633035,3
0,0,0.4778375847765029,3
0,0,0.40920600519991296,3
0,0,0.3991169594879052,3
0,0,0.493098891422618,3
1,1,0.5090853515134852,3
0,1,0.5145388264383404,3
1,0,0.47137249368071904,3
0,0,0.4163255727827948,3
0,0,0.44018463155887294,3
1,0,0.46597411866243343,3
1,1,0.5244187252595085,3
0,0,0.4533618424979949,3
0,0,0.44909669310891137,3
0,0,0.4639971470890111,3
0,1,0.5228374725631159,3
1,0,0.48505913578545806,3
1,1,0.527561638078187,3
0,0,0.3937095450167304,3
0,0,0.4111735864155359,3
1,0,0.45918188330368925,3
1,0,0.4304462388449339,3
1,0,0.43447599910886686,3
0,0,0.4734663567422717,3
1,0,0.4591725562837398,3
0,0,0.46103305128050354,3
0,0,0.40451409868282634,3
0,0,0.46948446197244975,3
1,1,0.5273547584318204,3
0,1,0.5044969121862912,3
1,0,0.48769035460380833,3
0,1,0.530364067031493,3
1,0,0.47563631124669564,3
0,0,0.4147205265028504,3
0,0,0.4424909232731966,3
1,0,0.46950395420285745,3
1,0,0.47163862624211156,3
0,0,0.40464566847202177,3
1,0,0.43843539116051217,3
0,1,0.5067005778041376,3
0,0,0.40446589330667193,3
1,0,0.44916094164956305,3
0,0,0.44270286881526255,3
0,0,0.3884412145842466,3
1,0,0.4341495192838367,3
1,0,0.44964520192876983,3
0,0,0.4310752893352801,3
0,0,0.47469084161275477,3
1,1,0.5022329545605987,3
1,0,0.4735490905921177,3
1,0,0.458054475614986,3
0,0,0.4474141166309388,3
0,0,0.4296189447984905,3
0,1,0.502816012327844,3
0,0,0.45217254771073484,3
1,0,0.42246030225132847,3
1,1,0.5392314685050498,3
1,0,0.4621081507303788,3
0,0,0.4122824349379691,3
1,0,0.4124899692964321,3
1,1,0.5487113854130381,3
0,0,0.4564892376674709,3
1,0,0.44599517814157397,3
1,1,0.5470449458205698,3
0,0,0.4537291871198788,3
1,0,0.458818050497795,3
1,0,0.47986314498398663,3
0,0,0.4735097954016892,3
0,0,0.4660128394474245,3
0,0,0.4873115182206415,3
1,0,0.4877267891415422,3
1,0,0.4778020924623833,3
1,0,0.43446789539462083,3
1,0,0.42180662423599985,3
0,0,0.4998474750016139,3
0,0,0.4140673861045194,3
1,0,0.48050608948667106,3
1,0,0.4395213725147657,3
0,0,0.46357425052073553,3
0,0,0.4783416152162156,3
1,1,0.5014189043215893,3
1,0,0.4987214842153208,3
0,0,0.4408134019585453,3
0,0,0.4636572326040154,3
1,0,0.4862946061251353,3
0,0,0.4679984459968108,3
1,0,0.46892323896383026,3
1,1,0.5784790294473177,3
1,0,0.4845940498986285,3
0,0,0.4348130701796971,3
1,0,0.4790892684882514,3
0,0,0.4948957865442274,3
1,0,0.47000505205723697,3
1,1,0.5142705160219025,3
1,0,0.4536933873398221,3
0,0,0.459519730093427,3
0,1,0.5070221924976813,3
1,0,0.47277469068830286,3
1,0,0.4939045773675029,3
1,0,0.44950311868286624,3
0,0,0.47805285232552414,3
1,0,0.49977840304021093,3
0,0,0.45136023408492704,3
0,0,0.46881892004126546,3
1,0,0.46650741821183384,3
1,1,0.5450309825109978,3
0,0,0.4897785644670611,3
0,0,0.44796175646685454,3
1,0,0.4492916701323671,3
1,0,0.4161520342686286,3
0,0,0.4461571328570533,3
1,0,0.4577049835859388,3
0,1,0.5364401147861083,3
0,0,0.49812856654439086,3
1,0,0.49433718562820045,3
1,1,0.5380990370614032,3
0,0,0.43586540365615856,3
0,1,0.5101358880562004,3
1,0,0.48702607821729765,3
1,1,0.569958131760242,3
0,0,0.483022104603281,3
0,0,0.468935101985392,3
0,1,0.5398231728296946,3
0,0,0.4950982517064267,3
1,1,0.5570193129642641,3
0,1,0.5147123896428486,3
0,0,0.48801620773688514,3
1,0,0.4070277798185411,3
0,1,0.5258752864463953,3
1,0,0.4565865059912557,3
0,0,0.47451699489426674,3
1,1,0.5395139711689301,3
1,0,0.470457741514245,3
1,0,0.47897705674556834,3
0,0,0.43186912771913,3
1,0,0.47853683765712823,3
0,1,0.5208758820806679,3
1,0,0.48165108809870794,3
0,0,0.4455198968738195,3
0,0,0.4191714505752644,3
1,0,0.46055974398344274,3
0,0,0.4417537056464345,3
0,0,0.4616369972320124,3
0,0,0.4529760216378634,3
0,0,0.45637978166231685,3
1,1,0.5217209685836993,3
0,1,0.5049792960378232,3
1,0,0.4063700384124922,3
1,0,0.4367019508097971,3
1,1,0.5047075296824819,3
0,0,0.44657661110368685,3
0,1,0.5076881095508877,3
1,0,0.4794556848173961,3
1,1,0.5217110542806195,3
0,0,0.47167395991883077,3
1,0,0.4454250924482867,3
1,0,0.42999060546158235,3
1,0,0.4934325350681535,3
1,1,0.5031594332467912,3
1,0,0.46264260774425026,3
1,0,0.4012126131698341,3
0,0,0.42821925566082153,3
0,0,0.43104511241593857,3
1,1,0.5054156148725828,3
0,1,0.5100772180118466,3
0,0,0.4616549157745986,3
1,0,0.47468274350386225,3
0,1,0.5357097776750083,3
1,0,0.46576896952787794,3
1,0,0.4130191312728225,3
0,0,0.3807797760329453,3
1,0,0.495172178702299,3
1,1,0.5108358018182522,3
0,0,0.49270472219638534,3
0,0,0.43462861097114003,3
0,0,0.47592385226963707,3
0,1,0.5024632746611073,3
0,0,0.4385752935864933,3
1,1,0.5568779332756368,3
0,0,0.49870373570695314,3
1,0,0.48075859822067424,3
0,1,0.5361141411305783,3
0,1,0.5610306536062467,3
0,0,0.4983844787394765,3
1,1,0.545168769953921,3
1,1,0.5782132317015563,3
0,0,0.4682422504118328,3
0,0,0.43247499100892006,3
1,0,0.45593099833172446,3
1,0,0.43475276872340207,3
0,0,0.43345511013586097,3
1,0,0.462583077548699,3
1,0,0.487449897261843,3
0,0,0.47235929145181865,3
0,0,0.4854445763952659,3
0,1,0.5351180473101763,3
1,1,0.540834707902514,3
0,1,0.593561847831265,3
0,1,0.5022780514468609,3
0,0,0.4419262076343607,3
1,0,0.4886278037038712,3
0,0,0.4690819133263855,3
1,0,0.4252428659752711,3
0,1,0.543912253065311,3
0,0,0.45061918450301597,3
0,0,0.4644999016601838,3
1,1,0.5128353058586925,3
1,0,0.4819237961991212,3
1,0,0.434733561749541,3
0,0,0.4881672723601612,3
0,0,0.49833298458976266,3
0,1,0.5032177685545123,3
0,0,0.4401224616525027,3
0,1,0.511395125140254,3
0,1,0.512846293463279,3
1,1,0.5441438416826689,3
0,1,0.5698020649318192,3
1,1,0.5053188756085566,3
0,0,0.45879579956934535,3
1,0,0.46677702350246697,3
1,1,0.517648718736574,3
0,1,0.5226007355567354,3
0,0,0.4607169133934621,3
1,0,0.46424115656314574,3
1,1,0.5098859202580697,3
0,0,0.49571609395868277,3
0,0,0.4283154208246296,3
0,0,0.44653413960180977,3
0,0,0.4998938632962474,3
1,1,0.5748185392741102,3
0,1,0.5208086616948158,3
1,0,0.47393501190198506,3
0,0,0.4476819364905699,3
1,0,0.3902014217129558,3
0,0,0.4426191995511148,3
0,0,0.4694321542890218,3
0,0,0.45082551334753257,3
1,1,0.5601307438324467,3
1,1,0.5258591202818756,3
0,0,0.4815080264233558,3
1,0,0.4511528848330479,3
1,0,0.45519620972935015,3
0,0,0.4588063280288782,3
0,0,0.4664349250081093,3
0,0,0.4856892862758651,3
1,1,0.5265138449742325,3
0,1,0.5259232128047124,3
0,0,0.38110365390530127,3
0,0,0.4126810573307493,3
0,1,0.541229634959536,3
0,0,0.484738338974495,3
1,0,0.49507865386295824,3
0,0,0.4877378369545566,3
1,0,0.42783254017908184,3
0,0,0.38739741189024857,3
0,0,0.4321259755509868,3
1,0,0.47074823946420613,3
1,1,0.5336496291787083,3
0,0,0.4651764327634673,3
0,0,0.4539984885227211,3
0,0,0.42307259781018686,3
1,0,0.4420437024826927,3
1,0,0.46914462292224096,3
1,0,0.4689423514105375,3
0,0,0.41582479415135687,3
0,0,0.43613724013096833,3
1,0,0.491931879835402,3
0,1,0.5166081259164887,3
1,0,0.4505380469655749,3
0,1,0.5505592310349442,3
1,0,0.4857025449524549,3
0,0,0.41787876977014854,3
1,0,0.43817847350339684,3
0,0,0.49789671053240137,3
1,0,0.47840497101347695,3
0,0,0.47431425066333277,3
1,0,0.4037456884007228,3
0,0,0.4122207558954332,3
0,0,0.4498169211568528,3
1,0,0.47276235442896686,3
1,1,0.5053838969906616,3
1,0,0.4536209679397172,3
0,0,0.42481070410502686,3
1,0,0.42370624716481203,3
1,0,0.46111013354203323,3
1,1,0.522596417637126,3
0,0,0.43614712084758905,3
1,0,0.45203951223357464,3
0,0,0.4732274585666004,3
0,0,0.4812358120552144,3
0,0,0.48042419606278974,3
1,1,0.5353357383072735,3
1,1,0.5629847193733748,3
0,0,0.4274527949456656,3
0,0,0.4088957036397253,3
0,0,0.4767699604642679,3
0,0,0.4082462413178108,3
1,0,0.4792583531869286,3
0,1,0.5340487416543244,3
1,0,0.43206063105026765,3
0,1,0.5398676146932697,3
1,0,0.45558812956002337,3
0,1,0.5478209042181691,3
0,0,0.4665374862248342,3
1,0,0.4765967392977708,3
0,1,0.5528525958568247,3
1,0,0.4570391547640591,3
0,1,0.5455415385374153,3
0,0,0.48150921124237334,3
1,1,0.5479345325666322,3
0,1,0.5510998992101078,3
0,0,0.39257860184558524,3
1,0,0.37467513805244407,3
1,1,0.5355547228680372,3
1,0,0.49263138556367864,3
1,0,0.37472900609764154,3
0,0,0.41369653207218754,3
1,0,0.3889336575100628,3
1,0,0.4702996639037345,3
0,0,0.44109813431057504,3
1,0,0.45607053520985075,3
0,1,0.509535847367871,3
1,0,0.4258791489791426,3
0,0,0.45592352065247205,3
1,0,0.47268756035987997,3
1,0,0.44462787748589144,3
0,0,0.42979762728532367,3
0,0,0.45691311207507534,3
1,1,0.5379404351320082,3
1,0,0.4843052259689777,3
0,0,0.4336590492187306,3
1,0,0.39591616253786477,3
0,1,0.5357691080569661,3
0,0,0.43766352785081636,3
1,0,0.45411374081626127,3
0,0,0.43974808227150647,3
1,0,0.4566038303287641,3
0,0,0.4110457252214846,3
0,0,0.4845474120208227,3
1,0,0.47931838697441037,3
0,0,0.49592583522875344,3
0,0,0.4600989200665673,3
0,0,0.4058880787854758,3
1,1,0.5200784554382402,3
0,1,0.5063909886055346,3
0,0,0.49854058352828495,3
1,1,0.5689824231331685,3
0,1,0.5428025190975432,3
0,0,0.40284573271662294,3
1,0,0.4117678746389879,3
1,0,0.4371599503266432,3
0,0,0.42917237951076403,3
0,0,0.4632821483566088,3
1,1,0.5226538398711934,3
0,1,0.5116986369166507,3
1,0,0.47027886329648944,3
0,0,0.4297332535139098,3
0,1,0.5578804022215457,3
1,0,0.4774010098954058,3
1,1,0.5400778935521401,3
0,0,0.4676251349616413,3
0,0,0.40795954720409083,3
0,0,0.41447231675134516,3
1,0,0.44942721711670613,3
0,0,0.4530845895922097,3
1,0,0.4936061258997844,3
0,1,0.5067137940477463,3
1,0,0.48915191096086014,3
0,1,0.5203795871105106,3
0,1,0.5037226738123931,3
0,0,0.47892202288995733,3
1,1,0.5316772040220785,3
1,1,0.6022208278712639,3
0,0,0.4081780193017235,3
0,0,0.42986028117995173,3
0,0,0.44226164404311447,3
1,0,0.4932923695219168,3
0,0,0.45921139155004453,3
1,0,0.42080286028839775,3
0,0,0.42786398012849863,3
0,0,0.4661531961564975,3
0,0,0.4664984889328341,3
1,0,0.43899621714624165,3
0,1,0.5170898439217168,3
1,0,0.42723162131935666,3
0,0,0.4352612183410741,3
0,0,0.4434962060350977,3
1,1,0.507542711942257,3
1,1,0.5448568617268292,3
0,0,0.4377110813980744,3
0,0,0.45638636779553515,3
1,0,0.4342878383363359,3
1,0,0.4245781188047823,3
0,0,0.46663995335196845,3
1,0,0.3996323820699704,3
0,0,0.4024052001503631,3
1,1,0.5140210371844179,3
0,0,0.45091689047687517,3
1,0,0.444220569590379,3
1,0,0.42340541571648765,3
1,0,0.4125841540188338,3
1,0,0.4655513209886473,3
0,0,0.4844112297221407,3
0,0,0.37168238574452317,3
1,0,0.4978803757615416,3
1,0,0.49620045264940515,3
0,0,0.43821434442895746,3
0,0,0.4363603434755295,3
0,0,0.42341005940839244,3
1,0,0.489620933761693,3
0,1,0.5517261076756915,3
0,0,0.4660400154283348,3
1,0,0.42591636148774925,3
0,1,0.5388697445934729,3
1,0,0.46925015815879606,3
0,0,0.45550100021654105,3
0,0,0.389400556985895,3
1,0,0.4891474992528936,3
0,1,0.5187853290836529,3
0,0,0.45193517977084724,3
1,0,0.44659848494769677,3
0,1,0.530106739066396,3
0,0,0.4813612539832831,3
0,1,0.5491520275531017,3
1,1,0.5160527533814168,3
0,1,0.5520036122352036,3
0,0,0.4425570128867156,3
1,0,0.4490696963200186,3
0,0,0.4783848860972404,3
1,0,0.43993230861857613,3
0,1,0.5193112118990266,3
0,0,0.4779899390141253,3
0,0,0.48891328732792294,3
1,0,0.4966300794286525,3
0,1,0.548171923540697,3
0,0,0.4731353721762959,3
1,1,0.5214263194716382,3
0,1,0.554687041343685,3
1,1,0.5644012571556988,3
0,1,0.5667715059082402,3
1,1,0.5090037193662319,3
0,1,0.5913889722282858,3
1,1,0.5464930668446212,3
1,1,0.6043071851303558,3
0,1,0.5247367780315481,3
1,1,0.5404987529599857,3
0,1,0.5700820659191008,3
0,1,0.5105639800099157,3
0,1,0.5298882991929754,3
0,1,0.548721276864399,3
1,1,0.6313150367331449,3
0,1,0.6244406104753987,3
0,1,0.5609531442194984,3
1,1,0.6023540252280405,3
0,1,0.6125405121280724,3
0,1,0.546140218690573,3
0,1,0.5805131184467737,3
0,1,0.5678728459549344,3
1,1,0.5827424148665212,3
0,1,0.6346836604731935,3
0,1,0.5298409377722108,3
1,1,0.5744060139206183,3
0,1,0.6070339073799883,3
1,1,0.5591331498776396,3
0,1,0.5310571947368693,3
0,0,0.49747702270747196,3
0,1,0.5790816871780978,3
1,1,0.6618328179408948,3
0,1,0.6024376436515767,3
0,1,0.5453951886692345,3
0,1,0.5453991969815233,3
0,1,0.6147457332829689,3
1,1,0.6057392675985483,3
0,1,0.6286140917604935,3
1,1,0.5607456400029495,3
0,1,0.5681653180925156,3
0,1,0.5403596617762378,3
0,1,0.5849384523079567,3
1,1,0.5561560571526176,3
0,1,0.6004463824082523,3
1,1,0.5598233953881353,3
0,1,0.5224287715837916,3
0,1,0.5307903611780836,3
1,1,0.552757887250105,3
0,1,0.5454692212521133,3
1,1,0.5472163660768065,3
1,1,0.5376018030031637,3
1,1,0.5697039802471101,3
1,0,0.48640663299928766,3
1,1,0.5642734418029123,3
1,0,0.46826585523697256,3
1,0,0.47735291568067195,3
1,0,0.4562498803448415,3
1,0,0.49041213609132683,4
0,1,0.5068747511500973,4
1,1,0.5233222788415641,4
1,1,0.561619981259936,4
0,1,0.5906442903012702,4
1,1,0.5328336878626769,4
1,1,0.5135064356225907,4
0,1,0.5879603852050561,4
1,1,0.5162572849725684,4
0,1,0.5432404912314803,4
1,1,0.5352796134851517,4
1,1,0.5752440601577461,4
0,0,0.47105758339954995,4
1,1,0.5298255893871417,4
1,1,0.5450173657559464,4
0,1,0.5066327593545448,4
0,1,0.5321687931249227,4
1,1,0.5487388754292849,4
0,1,0.5527957568087699,4
0,0,0.49215868677985364,4
0,1,0.5487840393269058,4
1,1,0.5685794770611171,4
0,1,0.5613748514385721,4
0,0,0.47979144416679126,4
0,1,0.5227278576746959,4
0,1,0.5621884334603963,4
0,1,0.593135718434522,4
1,1,0.5441390593098321,4
1,1,0.5414722381644588,4
0,1,0.5514845477072052,4
0,1,0.504284822924877,4
1,1,0.5242529707192949,4
0,1,0.5628475842922576,4
0,1,0.5336203349749702,4
1,1,0.5537825105009326,4
0,1,0.5994185176518123,4
0,0,0.4705882962000405,4
1,1,0.5065628221483603,4
1,1,0.5409458687446453,4
0,0,0.45907597205175565,4
1,1,0.5279122833299502,4
0,1,0.5632498956847242,4
1,1,0.5818836782975851,4
1,1,0.5662565520871766,4
1,1,0.5537053366473078,4
0,0,0.4775906856209497,4
1,1,0.5586972338101115,4
1,1,0.5539835937721519,4
1,1,0.5325641546307548,4
0,1,0.5100570757858073,4
0,1,0.5331968328785556,4
1,1,0.5587570815563787,4
1,1,0.5630630169382066,4
0,0,0.4881461811020674,4
1,0,0.4968473242034004,4
0,0,0.49380222106680466,4
1,0,0.49287766637368785,4
0,1,0.5713965776588908,4
0,1,0.5517428382638121,4
1,1,0.5605811991546462,4
1,1,0.581640222334832,4
0,0,0.47735532778502604,4
1,1,0.5455593835010989,4
1,1,0.5640737208918728,4
0,1,0.5495335343981502,4
0,1,0.5233046082518685,4
0,1,0.5469992604288385,4
1,1,0.6127276085243463,4
0,1,0.5270544456638715,4
0,0,0.4883376542455693,4
1,1,0.5705333356852749,4
0,1,0.5794226181797988,4
1,0,0.4769553945497592,4
1,1,0.5179573027470393,4
1,1,0.5185807218628102,4
0,1,0.530874355093707,4
1,1,0.5450077268675734,4
1,1,0.5801787303260243,4
1,0,0.4943801439334265,4
1,1,0.5367977103004405,4
0,1,0.5223865856483618,4
0,0,0.49315001867851244,4
1,1,0.5274661783701848,4
1,1,0.6057983502391671,4
1,1,0.5761683653953839,4
0,0,0.48959504842907436,4
0,0,0.4839238949730458,4
0,1,0.5642016074405937,4
1,1,0.5722499154887002,4
1,1,0.5365699260427701,4
1,1,0.524915064559631,4
0,0,0.49099371415103626,4
1,1,0.5533246219599731,4
0,1,0.5466503971248946,4
0,1,0.506610488834709,4
0,1,0.5315817857946433,4
1,1,0.5480387818445697,4
1,1,0.5514858729768048,4
1,0,0.4791254686047368,4
0,1,0.5496134210458957,4
0,1,0.5162691076003065,4
0,1,0.5203717743119602,4
0,1,0.6056280796236143,4
1,1,0.5646498257196647,4
0,1,0.5579188102561872,4
0,0,0.48539877622993294,4
1,1,0.5570957346566227,4
1,1,0.5572369070215332,4
0,0,0.459502053085215,4
0,1,0.5320171802278192,4
0,1,0.5451118811742109,4
1,1,0.5793165806417345,4
0,1,0.6033578156330764,4
1,1,0.5121964475454024,4
0,1,0.5318066892180588,4
1,1,0.532123406163397,4
0,1,0.5282034183744396,4
0,1,0.5204605777816274,4
0,1,0.5356280997090485,4
0,1,0.5232113422564502,4
0,1,0.5959057548159289,4
1,1,0.5928073882777639,4
1,1,0.5993498987840211,4
1,0,0.4616330916004083,4
0,1,0.5348851711254298,4
0,1,0.5100224792800055,4
1,1,0.5772697786186891,4
0,1,0.5912626723457928,4
0,0,0.48574076574682246,4
0,0,0.4963669648876282,4
1,1,0.549442480189708,4
0,1,0.5926524717990166,4
0,0,0.46679320883436004,4
0,1,0.5092307006409258,4
0,1,0.5423917170043279,4
1,1,0.5615357215171555,4
1,1,0.5411128120588008,4
0,1,0.5533341724871182,4
0,0,0.4765790026357884,4
0,1,0.5284171263108539,4
0,1,0.539622474513314,4
0,1,0.537660674207169,4
0,1,0.5690816494931658,4
0,1,0.5579739367069343,4
1,1,0.5078913891688499,4
1,1,0.5279915039408904,4
1,1,0.5104975975278837,4
0,1,0.5313291490282926,4
0,1,0.5536793644306843,4
1,1,0.5325074066614424,4
1,1,0.5492786701943448,4
1,1,0.5426180619684492,4
0,1,0.5007047759770866,4
1,1,0.5460106824074148,4
1,1,0.5519245012694147,4
1,1,0.5058229619972351,4
1,1,0.5269848395254257,4
0,1,0.5274789117052872,4
1,1,0.5142083134181133,4
0,1,0.5914261475411402,4
1,0,0.4922130781654009,4
1,1,0.5192806880862074,4
1,1,0.5550633758554518,4
0,1,0.5157233671292558,4
1,0,0.4975770233775885,4
0,1,0.5611333641100353,4
1,0,0.49524938923210643,4
0,1,0.5564101247806463,4
0,1,0.5745965826623386,4
0,1,0.5903406835345265,4
1,1,0.5075420894035346,4
0,1,0.5237940556477829,4
1,0,0.489689193515462,4
0,1,0.5145844975665702,4
0,1,0.5596704189012022,4
1,1,0.6025203935239694,4
0,1,0.5262422201032739,4
1,0,0.4711916889157985,4
0,1,0.5166750432477094,4
0,1,0.5562628825799328,4
1,1,0.5443532090899683,4
1,1,0.5062773013646197,4
0,0,0.47479448435445837,4
0,1,0.5152452091434739,4
0,1,0.5758584030608905,4
0,1,0.5747338884845842,4
0,1,0.5814367447560003,4
1,1,0.5368859458762439,4
0,1,0.5396527919213301,4
0,0,0.46464576152811027,4
0,1,0.5069130748281712,4
0,1,0.5157712571272964,4
1,1,0.609218756821419,4
0,1,0.5826037553390202,4
0,0,0.4985598655116872,4
0,1,0.5125926327769345,4
0,1,0.5135021894854076,4
1,1,0.5144106632228642,4
0,1,0.5332566032103354,4
1,0,0.48092814723508176,4
0,1,0.509808986678539,4
1,1,0.5002675447578043,4
0,1,0.5805307402821458,4
1,1,0.5131398708240267,4
1,1,0.5365653240498672,4
0,1,0.5636531217375782,4
0,1,0.5139541924823503,4
0,1,0.5589578940415838,4
1,1,0.6015638651432947,4
1,1,0.5718708733525123,4
0,1,0.5075307452651449,4
0,1,0.5255011028686676,4
0,1,0.5608967275497123,4
1,1,0.5510868828553073,4
1,1,0.546760661727536,4
0,0,0.4921271114732454,4
0,1,0.5308688226682602,4
0,1,0.5493130932965444,4
1,1,0.5814715484674204,4
1,1,0.6057045677641656,4
0,1,0.5388484631842724,4
1,1,0.5367486401247133,4
0,1,0.5149912077540243,4
0,1,0.5128132830524406,4
1,1,0.531755240517891,4
0,1,0.577663980450657,4
1,0,0.49455078865178054,4
0,0,0.4590853648433255,4
0,0,0.47209855016440494,4
1,1,0.5485040380073409,4
1,1,0.6005793991782267,4
0,0,0.489014033207375,4
0,0,0.4982032804300735,4
1,0,0.49882248279793306,4
1,1,0.546075432653296,4
0,1,0.5494579146749373,4
1,0,0.4885149598151181,4
0,1,0.5321777292107535,4
1,0,0.4919874914714505,4
0,1,0.5596676404010121,4
0,1,0.5175141222346634,4
1,1,0.5508112695180042,4
1,1,0.5607863160497024,4
0,0,0.48391345532725644,4
0,1,0.5169283261339621,4
0,1,0.58324584530387,4
0,1,0.5987472285604253,4
1,1,0.5608014209786029,4
0,1,0.5575814795091985,4
0,0,0.48054736724702807,4
1,1,0.5209038409353489,4
0,1,0.6218133027998579,4
1,1,0.5030083792375021,4
0,1,0.5297691759110551,4
0,1,0.5478304644615052,4
0,1,0.576626675350743,4
0,1,0.5148503649568995,4
0,1,0.5968722187790866,4
1,1,0.570948466569072,4
0,1,0.5046268647863286,4
1,1,0.5234505991966949,4
1,1,0.5031367783306755,4
0,0,0.48360766251006637,4
1,1,0.55340331017488,4
0,1,0.5110111657895504,4
0,1,0.5342619613385121,4
1,1,0.550929568137391,4
1,1,0.5614226085617263,4
1,1,0.552754457516163,4
1,1,0.5050951702940013,4
0,1,0.5591292291690088,4
0,1,0.5119575257083342,4
1,1,0.5653511801954919,4
0,1,0.6045510603634784,4
1,1,0.569122921630892,4
0,1,0.5478732688920613,4
0,1,0.5279097591659351,4
0,1,0.572400928514034,4
0,1,0.5474198319611557,4
0,1,0.5960948184395642,4
1,1,0.5595090892312663,4
0,0,0.4818345137521733,4
1,0,0.4788869144836635,4
1,1,0.5250402382807557,4
1,1,0.5688547072736205,4
1,1,0.5120528857917848,4
0,1,0.529883455869032,4
1,0,0.4971555786852731,4
0,1,0.5449092700396109,4
1,1,0.5854033114108873,4
1,1,0.5180979191303375,4
1,1,0.5078439943443936,4
0,1,0.5037664481745046,4
1,1,0.554890951108474,4
0,1,0.5262200452914123,4
1,1,0.5429676388812138,4
1,1,0.5426704477136902,4
0,1,0.5605931756037251,4
0,1,0.51855049967953,4
1,1,0.5296091152195573,4
1,1,0.5842075338655457,4
1,0,0.498697810050157,4
0,1,0.5380493018845379,4
0,1,0.5462112967985076,4
0,1,0.5549963536023761,4
1,1,0.5647175515700458,4
0,1,0.5315108551846308,4
1,1,0.5268548346942822,4
0,1,0.5525187100796196,4
1,1,0.5291700371826713,4
1,1,0.5780150370296152,4
0,0,0.49834652479552316,4
1,1,0.5255097980502011,4
0,1,0.5317338205830076,4
1,1,0.5004779083427713,4
1,1,0.5089757389707819,4
1,1,0.5718602996215546,4
1,1,0.5395716329702579,4
0,1,0.5250346405174168,4
0,1,0.5077592297363966,4
1,1,0.5552099319173593,4
0,1,0.5809977654607102,4
1,1,0.523492694847813,4
0,1,0.5362847593563375,4
1,1,0.5743370012514202,4
1,1,0.5534151514871364,4
1,1,0.5560777499722053,4
1,1,0.5121964413299085,4
1,1,0.5368127241894095,4
0,0,0.4957137895910495,4
0,1,0.5202316897567753,4
0,1,0.5253247024276976,4
0,1,0.5616869516432962,4
0,1,0.5556345912876224,4
1,1,0.5404196278469562,4
0,1,0.5142637339349495,4
1,0,0.49674739330178425,4
1,1,0.5641844974316781,4
0,1,0.5708693170874942,4
0,1,0.5346170267054724,4
1,1,0.5260474618530881,4
1,1,0.570484968816188,4
1,0,0.48431263146449305,4
1,1,0.543696308146354,4
0,1,0.5276712611481584,4
0,0,0.49986778276187877,4
1,1,0.5662561986441549,4
0,1,0.6074676532007384,4
0,1,0.5554081425879477,4
0,1,0.507644975855618,4
1,1,0.5485769616166479,4
1,1,0.5608833963270863,4
1,0,0.4757870226885027,4
1,1,0.5367305932577867,4
0,1,0.5270208402909913,4
0,0,0.47928546881928535,4
0,1,0.5610239122273423,4
0,1,0.5739086211850204,4
1,1,0.555725934394192,4
1,1,0.5498212083361402,4
1,0,0.4899155447689108,4
0,1,0.5185698959680534,4
1,1,0.5499140748085707,4
1,1,0.6109694372579206,4
0,1,0.5026891505260375,4
0,1,0.5273485544651455,4
1,1,0.5351935976491808,4
0,1,0.5712718069195521,4
0,1,0.52792772974766,4
0,1,0.5224970609228189,4
1,1,0.5361044020106494,4
0,1,0.531140649628597,4
1,1,0.5149442729721685,4
0,1,0.5824176955014595,4
0,1,0.5476115566961157,4
1,1,0.5340833364223975,4
1,1,0.5239745844075445,4
0,0,0.4788373860874262,4
0,1,0.5084223868734319,4
0,1,0.5496576153946306,4
1,1,0.5156820341570014,4
1,1,0.5637027691682538,4
1,1,0.5250857907510157,4
0,1,0.5147325937174831,4
0,1,0.542864041417079,4
1,1,0.543866635652654,4
0,1,0.546301904061501,4
1,1,0.5026011786180341,4
1,1,0.5177139131481742,4
1,1,0.517742038939494,4
0,1,0.5006701807403774,4
1,1,0.5255494677473627,4
1,1,0.5476175821287513,4
1,1,0.524363520495641,4
0,1,0.5171113843652023,4
1,1,0.5480840672637002,4
1,1,0.5586792744274686,4
1,0,0.4965741877760054,4
0,1,0.5644959986833268,4
0,1,0.5144544805035547,4
0,1,0.5814557609866968,4
1,1,0.5834891080364981,4
1,1,0.5228039290149095,4
0,1,0.5073659704347909,4
1,0,0.48977589493036183,4
1,1,0.5610408098923781,4
0,1,0.5366902062491384,4
0,1,0.5414126822518321,4
1,1,0.5756546075540555,4
1,1,0.5362134039156947,4
0,1,0.5571586030027224,4
1,1,0.5311014942175608,4
0,1,0.5731637761268358,4
1,1,0.5471866845881904,4
0,1,0.5294416649418533,4
1,0,0.48756293915202187,4
1,1,0.5850577994430511,4
0,1,0.5907965942626403,4
1,0,0.47981675412072167,4
0,1,0.5222424909934771,4
1,1,0.5957506731933033,4
1,1,0.5516407525036867,4
1,1,0.5172721338726454,4
0,1,0.5271888660908597,4
1,1,0.520547029659046,4
0,1,0.5512019154415249,4
0,0,0.48795977300709836,4
0,1,0.5828202595268676,4
0,1,0.5643593334959282,4
1,1,0.5508736864854697,4
1,1,0.5025933151684474,4
1,1,0.550247744909362,4
0,0,0.46667462673265403,4
0,1,0.5411295784125959,4
1,1,0.5677901680025851,4
0,1,0.5805826628014787,4
1,1,0.5511830132439786,4
0,1,0.5189246142738113,4
1,1,0.5320059790912345,4
1,1,0.5433299378047838,4
0,1,0.5154546036306095,4
1,1,0.5165372163149764,4
0,1,0.5181870708336616,4
1,0,0.48335145382016187,4
1,1,0.5808177253974389,4
1,1,0.5474274091793191,4
1,1,0.5123501959528171,4
0,1,0.5385971363133756,4
1,1,0.5216832546185836,4
1,1,0.5473627107087732,4
1,1,0.5471664012975994,4
0,1,0.5297167259758563,4
1,1,0.5258685123806123,4
1,1,0.5546100062502684,4
0,1,0.584348040892554,4
1,1,0.5050161730659906,4
1,1,0.5287292652811576,4
1,1,0.5820802281332424,4
1,1,0.535915932440766,4
0,1,0.5167557866630984,4
0,0,0.48590168152827734,4
0,1,0.5836019135002135,4
0,1,0.5750114068930179,4
0,1,0.5402651898654418,4
0,1,0.5462596140639789,4
1,1,0.5554649294941528,4
0,0,0.4974701536504567,4
0,0,0.49942175170004577,4
1,1,0.5520431991633127,4
1,1,0.5763945655159852,4
1,1,0.5114027816683369,4
0,1,0.5075027648893617,4
1,0,0.49155506969353274,4
0,1,0.5536117897146898,4
0,1,0.581455707174068,4
0,1,0.5245503409856014,4
1,1,0.5316007058335339,4
0,1,0.5881872391578976,4
1,1,0.5178055894469551,4
1,1,0.5283852691210142,4
1,1,0.5859785465528257,4
0,0,0.4855928238846552,4
1,1,0.5017815238438803,4
1,1,0.5448001526061637,4
1,1,0.5053260735904458,4
1,0,0.45753385580348394,4
0,1,0.5260102910836268,4
1,1,0.5139739041081498,4
1,1,0.5463733025329678,4
0,1,0.5706450400468923,4
1,1,0.5456826633059799,4
0,1,0.5277320799884027,4
1,1,0.5026407216411709,4
0,1,0.5491734272487644,4
0,0,0.46035663463225573,4
1,1,0.5708293114972348,4
1,1,0.527140645609368,4
1,0,0.4582820522278949,4
1,1,0.5251290626681336,4
1,1,0.5275507069956525,4
0,1,0.5093053495714694,4
1,1,0.5222545810509311,4
0,1,0.5580926044333615,4
0,1,0.5516654642044907,4
0,1,0.5428620001675597,4
1,1,0.5859478986652903,4
1,1,0.5671713284576548,4
1,1,0.5066972420942809,4
0,1,0.5020533049486431,4
0,1,0.5165770788414876,4
1,1,0.5713665069192136,4
0,1,0.5647058540214229,4
1,1,0.5046205341403656,4
0,1,0.5299504690501148,4
1,1,0.516074543915289,4
0,1,0.5888294496066329,4
1,1,0.5814833597523721,4
0,1,0.5124124133503056,4
1,0,0.46733194480337586,4
1,1,0.5285776365476492,4
0,1,0.5052547527256143,4
0,1,0.5471918417942527,4
0,1,0.5408666840192273,4
1,1,0.5252455238975182,4
1,1,0.5688611293008611,4
1,1,0.5057438495363231,4
1,1,0.5339151276345375,4
1,0,0.48889324910419174,4
0,1,0.5103571897201755,4
1,1,0.5045999878529137,4
0,1,0.5471726464009959,4
0,0,0.49007109742541366,4
1,1,0.5476463116880251,4
0,1,0.5894162163960449,4
1,1,0.5521143087119266,4
0,0,0.49348180342684533,4
0,0,0.48605232395087605,4
0,1,0.5522019154627541,4
0,1,0.5427010392222303,4
0,1,0.5791320465918158,4
0,1,0.5348679910937042,4
0,1,0.5226652757026311,4
1,1,0.505343705161888,4
0,1,0.5423916830519494,4
0,0,0.4917499193134677,4
1,1,0.5099416371393768,4
0,1,0.5261281900793207,4
0,0,0.4668300732673786,4
0,1,0.5234164319314939,4
1,1,0.5567399150862685,4
0,1,0.5785969127230604,4
1,1,0.5595774197207102,4
0,1,0.5389442861949449,4
0,1,0.523265795983685,4
1,1,0.5106628846211931,5
0,1,0.516797494347935,5
1,1,0.5543654184493235,5
1,1,0.5359042984521114,5
0,1,0.5231761518525518,5
0,0,0.49634577495732446,5
1,0,0.46476852783558315,5
0,1,0.5416756055727089,5
1,1,0.5086818116428142,5
0,0,0.46022637135049105,5
0,1,0.5350678810936171,5
0,1,0.531883268449532,5
1,1,0.5138100191995626,5
1,1,0.5800150397396542,5
0,1,0.5511544696779684,5
1,0,0.4621565670600631,5
1,0,0.4573102517540088,5
0,1,0.5250807204150726,5
0,1,0.5378623508963853,5
0,1,0.5370894456519522,5
1,1,0.5362482534781041,5
0,1,0.5465203685093007,5
1,1,0.5481048905932188,5
1,1,0.523165659241947,5
1,0,0.49824152546787515,5
1,1,0.515376068407413,5
1,1,0.5539620425629738,5
1,1,0.5517184468412115,5
1,0,0.4959219928029766,5
1,1,0.5252137103662645,5
1,0,0.47930650711479855,5
0,1,0.5184792650394612,5
0,1,0.5086443532579047,5
1,1,0.5263143051923151,5
0,1,0.5565059375808886,5
1,1,0.5307534021253246,5
1,0,0.48955166037084624,5
0,1,0.5177851967313388,5
1,1,0.5100261841906335,5
1,1,0.5509476455446801,5
1,1,0.5323901853340394,5
0,0,0.49266478365747984,5
1,1,0.5071552468088513,5
1,1,0.5473204064031961,5
0,1,0.5430670363958697,5
1,0,0.49784898339953143,5
0,1,0.533417053062615,5
1,1,0.546532262951953,5
0,1,0.5168086437560014,5
1,1,0.5539858186861322,5
0,1,0.5572494535700592,5
0,1,0.5308522444737171,5
0,0,0.49362010151110736,5
0,1,0.5048837700737449,5
1,1,0.5538480975907515,5
1,1,0.586138286876901,5
1,1,0.5360819561307121,5
0,0,0.4332984298965252,5
1,0,0.49629918804295564,5
0,1,0.5739388761007352,5
1,1,0.5296736795718131,5
0,1,0.5854888547299018,5
1,0,0.4701479645223493,5
1,1,0.5248714056644195,5
0,1,0.5142875089052965,5
0,1,0.5155521669430065,5
1,1,0.5348402049764472,5
1,1,0.5540625602654797,5
1,1,0.5443732102327669,5
1,0,0.49822912167722416,5
0,0,0.49204959435705115,5
1,1,0.5276415390617604,5
0,1,0.5438070553851628,5
1,1,0.5113556560142737,5
0,1,0.5081225232374255,5
1,1,0.523811901314251,5
1,1,0.5263889035050742,5
1,1,0.5361914191769198,5
0,0,0.4753261081865274,5
0,0,0.47774803854061987,5
0,1,0.5169518636469476,5
1,1,0.5334713649620343,5
1,1,0.536758410725046,5
1,0,0.47906044275899545,5
0,0,0.4896198846432428,5
1,1,0.5571368160474838,5
0,1,0.5247435777343207,5
0,1,0.5410469799270855,5
1,1,0.5351562654531462,5
0,0,0.4874809642098821,5
0,1,0.5721596353234691,5
0,1,0.567617918449077,5
0,1,0.5439689424423616,5
0,1,0.5029922351456492,5
1,1,0.5256066514964457,5
0,1,0.5554849377530371,5
0,0,0.47371967728962,5
1,1,0.5170605243281766,5
0,1,0.559806865185691,5
1,0,0.47086399275019625,5
0,0,0.4450387042958499,5
1,1,0.519306560502566,5
1,1,0.5371748907451291,5
1,0,0.48075961875733325,5
0,1,0.5464255938423769,5
0,1,0.5921837878562041,5
1,1,0.5716056677793808,5
0,1,0.5637652787405534,5
0,1,0.546158644260434,5
0,1,0.5636139988803904,5
0,1,0.5391502826690293,5
1,1,0.5422113270790511,5
1,1,0.5984890553588964,5
1,0,0.4653396940122913,5
1,0,0.48138594302788357,5
1,1,0.5463072601767801,5
1,1,0.5186687156730959,5
0,1,0.5247975679707969,5
0,1,0.5300726550339833,5
0,1,0.5371769140301946,5
1,1,0.5564392764186864,5
1,1,0.5700986332020019,5
1,0,0.4818221385183444,5
1,0,0.4822131483938876,5
0,1,0.5219919954080836,5
0,1,0.5726078071307823,5
0,1,0.5770195449878827,5
0,1,0.5571136642842136,5
0,1,0.5412005988650932,5
1,1,0.584229891544864,5
0,1,0.5047788566959197,5
1,1,0.5390189072379722,5
1,1,0.5232323105083005,5
1,0,0.48776373284365454,5
0,1,0.5076663127510752,5
0,1,0.5424391011202561,5
0,1,0.5552371933431937,5
1,1,0.5650937364059202,5
0,1,0.5477737172829774,5
1,0,0.47829989304610726,5
0,0,0.482643112528375,5
0,1,0.5472089697133972,5
1,1,0.527440875047189,5
0,0,0.49432095614861643,5
1,0,0.46545160705216526,5
0,1,0.5221585745296984,5
1,1,0.5058646094540289,5
1,1,0.5109290698538956,5
0,1,0.5573392291932647,5
1,1,0.5264727352627628,5
0,1,0.5275395451573283,5
1,1,0.5219429626874871,5
0,0,0.49895650777089096,5
1,1,0.5340313895767131,5
0,1,0.5354426885821897,5
1,0,0.49034733580672535,5
1,1,0.5632722382360634,5
1,0,0.49092100831774543,5
1,1,0.5090336964821067,5
0,1,0.51602466665567,5
0,0,0.47285726383588783,5
0,1,0.5474788375536166,5
0,1,0.5245464790677289,5
1,1,0.5518905061205643,5
0,1,0.5665146100503882,5
0,0,0.4860285633280059,5
0,0,0.4956161039899861,5
0,1,0.5465033941846332,5
1,1,0.5374406837070328,5
0,1,0.5538990718895349,5
0,0,0.4775290206099161,5
0,1,0.5025629418267623,5
0,0,0.49374360077187135,5
1,1,0.5227762070086672,5
0,1,0.5772916166430841,5
1,0,0.46682294225974685,5
0,1,0.5036972276344853,5
1,1,0.5036401049308384,5
1,1,0.5131953216378066,5
0,1,0.5038552295806897,5
1,0,0.4936597450740083,5
0,1,0.5510199197761262,5
1,1,0.5324497761218241,5
1,1,0.5660193468141861,5
0,1,0.5172077348027041,5
1,0,0.48003514787098517,5
1,0,0.49746385880209976,5
0,1,0.5130610584957178,5
0,0,0.4900602310015977,5
1,1,0.5138294388379924,5
0,1,0.5558873945168833,5
1,1,0.5104037968271963,5
1,1,0.5151975416293152,5
1,1,0.500103038153737,5
0,1,0.5363696684167836,5
0,1,0.5398092686084914,5
0,1,0.5212225785565235,5
0,1,0.5632710206085801,5
0,1,0.543848319626011,5
0,1,0.5592532473120335,5
1,1,0.5673797240819508,5
0,0,0.4766688313811885,5
1,0,0.47405861229803714,5
1,1,0.538335634814278,5
1,1,0.5178352961472021,5
0,1,0.5070482943417709,5
1,1,0.5170078280433381,5
1,1,0.5587833059428043,5
0,1,0.5262750489802186,5
1,1,0.5084334297144337,5
0,1,0.5437300599030366,5
1,1,0.5301899164593561,5
1,0,0.49883937481013724,5
0,1,0.5306318005233217,5
1,1,0.5118184711682308,5
0,1,0.5381812155480418,5
0,1,0.5277480298078869,5
0,1,0.5321380942793266,5
1,1,0.5792048225029008,5
0,1,0.5623737427738837,5
0,0,0.4782269033661782,5
1,0,0.4693287035117594,5
1,1,0.5421495540823027,5
0,1,0.5308387922171923,5
1,0,0.4967890309898239,5
1,1,0.5400325816491346,5
1,1,0.5568816405160114,5
0,1,0.5087115415562385,5
0,1,0.5034845155702895,5
0,1,0.5418663780184215,5
0,1,0.5368775585715578,5
1,1,0.516856903494243,5
0,1,0.5146283312236376,5
1,0,0.45831968487405134,5
0,1,0.5280000212656636,5
0,1,0.5342276361430461,5
0,1,0.5552081103221372,5
1,0,0.48132028505000435,5
1,1,0.5223755184861435,5
0,1,0.5000749578384842,5
0,1,0.5241637357056654,5
1,1,0.54463743491887,5
0,1,0.5247741108754783,5
1,1,0.5139349648896486,5
0,1,0.5251623680195373,5
0,1,0.5028894034833646,5
1,1,0.5390872540018491,5
1,1,0.5653165034056017,5
0,1,0.5462359295459635,5
0,0,0.4974457191865351,5
0,1,0.5657632247331678,5
1,1,0.5373343443791394,5
0,1,0.514534579244064,5
0,1,0.5096900109159075,5
1,1,0.5234810942997606,5
1,1,0.5141891647767424,5
0,1,0.526025194192318,5
1,0,0.47334396986585076,5
0,1,0.5386094548380801,5
0,1,0.5835613389750932,5
0,1,0.5312989180655697,5
0,1,0.531995008903389,5
1,1,0.5767999090158086,5
0,1,0.5462580321199335,5
1,0,0.4673769810543829,5
1,1,0.5276623996961489,5
1,1,0.527274671852508,5
0,1,0.515540925173758,5
1,1,0.5155675454594175,5
1,1,0.5372334999664665,5
0,1,0.6208463533115787,5
0,1,0.5189135218279519,5
0,1,0.5430209285889148,5
0,1,0.5367399154132103,5
1,1,0.5337570361104319,5
1,1,0.5361272267175607,5
1,0,0.4883098076320288,5
1,1,0.5046781710637075,5
1,1,0.5085013084086704,5
1,1,0.5714344054517306,5
0,1,0.5476000413586992,5
0,1,0.5268849297084279,5
1,1,0.5472909421181119,5
0,1,0.506246324960725,5
1,1,0.5197522258903343,5
0,1,0.5306120550692514,5
1,1,0.5679248403968465,5
1,1,0.5461016575646912,5
0,1,0.5725290362783936,5
1,1,0.5370153237225401,5
0,1,0.532150633410889,5
0,1,0.5998929025981089,5
0,1,0.5580555977157091,5
1,1,0.5376065567049803,5
1,1,0.5434622727841307,5
1,0,0.4972034714292012,5
0,0,0.4832624816283498,5
0,1,0.5748755349167077,5
1,1,0.5747101500174598,5
1,1,0.5385454346681804,5
1,1,0.5642909895933376,5
1,1,0.5259495791929983,5
1,0,0.49429618211455323,5
1,1,0.5002306445349641,5
1,1,0.5508871815397834,5
0,0,0.49073296820804574,5
0,0,0.48820434323839657,5
1,1,0.5383406833608961,5
1,1,0.5334262247597864,5
1,1,0.511736053134588,5
1,0,0.49363429057988945,5
0,1,0.5345406084355558,5
1,0,0.48022864458804726,5
0,1,0.5114045458700827,5
1,1,0.5483236689728717,5
0,1,0.5425712886340253,5
1,1,0.5462242559339514,5
0,1,0.5527849774357407,5
0,0,0.47569346547007735,5
0,1,0.5088611049068456,5
1,1,0.5481190016315444,5
1,1,0.584225262759344,5
1,0,0.48096462533440226,5
1,1,0.5022474315069431,5
1,1,0.53891890984558,5
0,0,0.4844432440060588,5
1,0,0.4595407027769913,5
1,1,0.5644862944582045,5
0,1,0.530346562613392,5
1,0,0.4351710910135829,5
0,0,0.4993308521609366,5
1,1,0.5170370128982688,5
1,1,0.5025993547714706,5
1,0,0.49947519207151103,5
1,0,0.4530049898316538,5
0,0,0.4624316990858574,5
1,0,0.4402694918413694,5
1,1,0.5109650700946543,5
0,0,0.42739281090873277,5
1,0,0.44861794967467966,5
1,0,0.47266064594395396,5
1,0,0.4722084253309605,5
0,0,0.4327781128881492,5
1,0,0.40533136229064637,5
1,1,0.5084517249779905,5
1,0,0.41079523531884704,5
0,0,0.45357171116513806,5
1,0,0.48189535168414127,5
0,0,0.4980608554451041,5
1,0,0.48687561793524076,5
0,0,0.4676909974434438,5
1,0,0.4776535441172907,5
0,1,0.5160252063358908,5
0,0,0.36877973527228197,5
1,0,0.4581758242675526,5
0,0,0.4991001745436062,5
0,0,0.44419519263928164,5
0,1,0.5468733149499934,5
1,0,0.4874012354947988,5
1,1,0.562690288311487,5
0,1,0.518844378268143,5
1,0,0.3711811395807083,5
1,1,0.5162452557525394,5
0,0,0.40215198181006717,5
1,0,0.4147079434703114,5
1,1,0.5159252491609061,5
0,0,0.4799386125028843,5
0,0,0.43069838803541066,5
0,1,0.5416348345584878,5
1,1,0.5412619775958959,5
1,1,0.50667215067733,5
1,0,0.37901036917797964,5
0,0,0.42697412408365537,5
1,0,0.42432365195734806,5
1,0,0.48525803323954464,5
1,0,0.49668036313856845,5
0,0,0.44896583490419034,5
0,0,0.40717782152344734,5
0,0,0.47043503817794957,5
1,1,0.5323112872107593,5
1,1,0.510286026749321,5
1,0,0.49395459254686,5
1,0,0.42750131612661973,5
1,0,0.49138578782472003,5
1,0,0.33116275375801973,5
0,0,0.41727699741484775,5
0,0,0.42961619906913834,5
1,1,0.5245437305111834,5
1,0,0.49569219737656395,5
1,1,0.5174344289586291,5
1,0,0.44498919982886265,5
1,0,0.41919441308588334,5
0,0,0.3617680316190669,5
0,0,0.4282688442114114,5
0,1,0.5212261777367415,5
0,1,0.539346959236122,5
1,1,0.5066963358157093,5
0,1,0.5202178776689853,5
0,0,0.4149798060641753,5
0,0,0.47542081019168364,5
0,0,0.49978905931216455,5
1,1,0.5102329891496845,5
1,0,0.48931950119076895,5
0,0,0.49157774445577546,5
0,0,0.41507117777209634,5
0,1,0.5272139785802771,5
1,0,0.4763866848919727,5
0,1,0.57181923703019,5
0,1,0.5053974803867922,5
1,0,0.4918829202955046,5
1,1,0.524036561810378,5
1,0,0.4594325649680131,5
1,0,0.4532448607198567,5
0,0,0.4086000433948891,5
0,0,0.33978741673401996,5
0,0,0.4721603372006046,5
1,0,0.47490841146137747,5
1,0,0.4955324395131705,5
0,0,0.39668094274143295,5
1,0,0.400270415495305,5
1,1,0.5228729871784601,5
1,0,0.49908381903655163,5
0,0,0.4030085019777475,5
1,0,0.4726854872288789,5
1,1,0.5248186089587259,5
1,1,0.5047618813023275,5
0,0,0.4403550922979987,5
0,0,0.4861978509168776,5
0,1,0.5613814221822625,5
0,1,0.5143965587658453,5
1,1,0.5217769908817246,5
0,1,0.5367783603502153,5
0,1,0.5020190041553879,5
0,0,0.4905393409412618,5
0,1,0.5353454121407588,5
0,1,0.5565944600369719,5
1,0,0.4733545944022542,5
0,1,0.5188884898571201,5
0,0,0.38860656416512407,5
1,0,0.4039835975190239,5
0,1,0.554657007782178,5
1,0,0.45139856595473965,5
0,0,0.4967678955641946,5
1,0,0.44468122987799497,5
1,1,0.5019044636134645,5
1,0,0.4915083544624643,5
1,0,0.43001141605224064,5
0,0,0.47287724338846876,5
1,0,0.37943104967360575,5
0,1,0.5304597020150136,5
1,1,0.5213149740383938,5
0,1,0.560162052139767,5
0,1,0.501662351871087,5
0,0,0.4898965934302389,5
1,1,0.5736414626001762,5
1,1,0.5713188184746826,5
0,0,0.4486773695168956,5
1,0,0.352050679829761,5
0,0,0.46601952019569937,5
0,0,0.4716648209006732,5
0,1,0.5138781065774062,5
1,1,0.5643994430073571,5
1,1,0.5731932544015839,5
1,0,0.4836102522693701,5
1,0,0.48538747344027017,5
1,0,0.4020189214961519,5
0,0,0.3641709016377925,5
0,0,0.37583460650111705,5
1,1,0.5114680903967378,5
1,1,0.5278070711936316,5
1,0,0.38905251615285347,5
1,0,0.4106040957952046,5
0,1,0.5022925296504827,5
0,0,0.43967668242285535,5
1,1,0.5646264424551624,5
1,1,0.5750599794833389,5
0,0,0.4786954468200746,5
0,0,0.40110760701754733,5
1,1,0.5535342795109527,5
0,1,0.552383132360367,5
0,1,0.5101010688281847,5
0,0,0.4744680041688478,5
1,0,0.47821119290520414,5
0,1,0.5328724288793771,5
1,1,0.5015345397947089,5
0,0,0.44829562712211896,5
1,0,0.3910243327379898,5
1,1,0.5250498360201786,5
0,0,0.4714540852628099,5
0,0,0.46817706652008584,5
1,0,0.43928009469927626,5
1,1,0.5402372396466691,5
1,1,0.505426497414594,5
1,0,0.3998758270614513,5
0,0,0.4716591589431458,5
1,0,0.4212795754456989,5
1,0,0.47994749167921374,5
1,0,0.47032194436334057,5
1,0,0.497038587173047,5
1,0,0.41736813626455244,5
0,0,0.3851335376458413,5
0,0,0.4463041573940994,5
1,0,0.49001221510070997,5
1,0,0.48520446494863173,5
1,0,0.48397682454086066,5
0,0,0.3667502357765,5
1,0,0.4168936808222036,5
0,0,0.4907728396806009,5
0,0,0.4208715841292097,5
0,1,0.5043361847443433,5
0,1,0.5178257994004194,5
1,1,0.5044316635935998,5
0,1,0.5375876357161985,5
1,0,0.4634377015780491,5
1,1,0.5403772861312455,5
0,0,0.4109739933133473,5
0,0,0.42999115341948785,5
1,1,0.5556364059947065,5
1,0,0.493181792152017,5
0,0,0.4880607709039846,5
0,0,0.4701498769248925,5
0,0,0.4759417157337239,5
1,0,0.47923025954022996,5
1,1,0.5660201324879192,5
1,1,0.5039010426176496,5
0,0,0.47721007742925325,5
0,0,0.44071604096228123,5
0,1,0.522625385384584,5
1,0,0.49091259706883894,5
1,1,0.5119677082370804,5
0,0,0.4907080868702435,5
1,0,0.41807346568929865,5
0,1,0.5822225593959098,5
1,0,0.4783711741904413,5
1,0,0.4859585299614877,5
0,0,0.42304824471428687,5
0,0,0.4427245426729413,5
1,1,0.5300106873920115,5
0,1,0.5517219214717006,5
0,1,0.5060144865279962,5
0,0,0.4579443951503429,5
1,1,0.550733164396318,5
1,1,0.5644800865013506,5
1,0,0.49374948015626424,5
1,0,0.43752792711574956,5
0,0,0.44768801615848774,5
0,0,0.36539049639032034,5
1,0,0.487216260770716,5
0,1,0.5508203875073708,5
0,1,0.5198872435165192,5
1,1,0.5262106318941838,5
0,0,0.494257671033499,5
0,0,0.4922644209540825,5
1,1,0.5118943915989368,5
